ID,,,NAME,ADDR,X,Y,CO_NAME,TO_NAME,MF,STU_CNT,AB_STU_CNT,AB1_STU_CNT,AB2_STU_CNT,AB3_STU_CNT,AB4_STU_CNT,AB5_STU_CNT,AB6_STU_CNT,AB7_STU_CNT,AB8_STU_CNT,AB9_STU_CNT,AB10_STU_CNT,AB11_STU_CNT,AB12_STU_CNT,AB13_STU_CNT,AB14_STU_CNT,AB15_STU_CNT,AB16_STU_CNT,AB17_STU_CNT,INFO_TIME
識別碼,,,名稱,地址,X坐標,Y坐標,縣市名稱,鄉鎮市區名稱,原住民族部落國小山地別,原住民族部落國小學生總數,原住民族部落國小原住民學生數,原住民族部落國小阿美族學生數,原住民族部落國小泰雅族學生數,原住民族部落國小排灣族學生數,原住民族部落國小布農族學生數,原住民族部落國小卑南族學生數,原住民族部落國小鄒_曹_族學生數,原住民族部落國小魯凱族學生數,原住民族部落國小賽夏族學生數,原住民族部落國小雅美族學生數,原住民族部落國小邵族學生數,原住民族部落國小噶瑪蘭族學生數,原住民族部落國小太魯閣族學生數,原住民族部落國小撒奇萊雅學生數,原住民族部落國小賽德克族學生數,原住民族部落國小拉阿魯哇族學生數,原住民族部落國小卡那卡那富族學生數,原住民族部落國小其他族學生數,資料時間
14684,14684,,市立烏來國(中)小,[233]新北市烏來區啦卡路5號,306005.822,2750721.396,[01]新北市,烏來區,山,67,60,0,60,0,0,0,0,0,0,0,0,0,0,0,0,0,0,0,107Y
14685,14685,,市立福山國小,[233]新北市烏來區福山里李茂岸56號,300761.112,2741206.277,[01]新北市,烏來區,山,15,12,1,10,0,1,0,0,0,0,0,0,0,0,0,0,0,0,0,107Y
24668,24668,,縣立四季國小,[267]宜蘭縣大同鄉四季村和勳巷1號,293208.3,2709202.88,[02]宜蘭縣,大同鄉,山,78,78,0,78,0,0,0,0,0,0,0,0,0,0,0,0,0,0,0,107Y
24669,24669,,縣立南山國小,[267]宜蘭縣大同鄉南山村四鄰埤南巷31之3號,288566.91,2703516.02,[02]宜蘭縣,大同鄉,山,74,74,0,74,0,0,0,0,0,0,0,0,0,0,0,0,0,0,0,107Y
24670,24670,,縣立大同國小,[267]宜蘭縣大同鄉崙埤村10之9號,311622.21,2730300.35,[02]宜蘭縣,大同鄉,山,86,82,0,82,0,0,0,0,0,0,0,0,0,0,0,0,0,0,0,107Y
24671,24671,,縣立寒溪國小,[267]宜蘭縣大同鄉寒溪村寒溪巷16號,319601.97,2722677.06,[02]宜蘭縣,大同鄉,山,66,66,1,65,0,0,0,0,0,0,0,0,0,0,0,0,0,0,0,107Y
24672,24672,,縣立南澳國小,[272]宜蘭縣南澳鄉南澳村中正路15號,331157.94,2707011.88,[02]宜蘭縣,南澳鄉,山,81,79,1,77,0,1,0,0,0,0,0,0,0,0,0,0,0,0,0,107Y
24673,24673,,縣立碧候國小,[272]宜蘭縣南澳鄉碧候村自覺巷38號,329541.851,2707757.695,[02]宜蘭縣,南澳鄉,山,88,84,1,82,0,1,0,0,0,0,0,0,0,0,0,0,0,0,0,107Y
24674,24674,,縣立武塔國小,[272]宜蘭縣南澳鄉武塔村新溪路1號,328936.23,2704594.18,[02]宜蘭縣,南澳鄉,山,31,31,0,31,0,0,0,0,0,0,0,0,0,0,0,0,0,0,0,107Y
24675,24675,,縣立澳花國小,[272]宜蘭縣南澳鄉澳花村中央路19號,325053.65,2691693.82,[02]宜蘭縣,南澳鄉,山,87,87,5,76,2,0,0,0,1,0,0,0,0,3,0,0,0,0,0,107Y
24676,24676,,縣立東澳國小,[272]宜蘭縣南澳鄉東岳村蘇花路三段209號,334404.96,2713040.11,[02]宜蘭縣,南澳鄉,山,58,49,0,49,0,0,0,0,0,0,0,0,0,0,0,0,0,0,0,107Y
24677,24677,,縣立金岳國小,[272]宜蘭縣南澳鄉金岳村 (路) 二號,328766,2707430.01,[02]宜蘭縣,南澳鄉,山,46,46,0,44,0,2,0,0,0,0,0,0,0,0,0,0,0,0,0,107Y
24678,24678,,縣立金洋國小,[272]宜蘭縣南澳鄉金洋村11號,325986.44,2702401.02,[02]宜蘭縣,南澳鄉,山,39,39,0,37,0,0,0,0,0,0,0,0,0,1,0,1,0,0,0,107Y
34730,34730,,市立介壽國小,[336]桃園市復興區澤仁里中正路33號,285477.82,2745408.6,[03]桃園市,復興區,山,78,59,0,58,1,0,0,0,0,0,0,0,0,0,0,0,0,0,0,107Y
34731,34731,,市立三民國小,[336]桃園市復興區三民里十一鄰57號,282822.27,2745060.77,[03]桃園市,復興區,山,73,45,0,43,0,0,0,0,0,0,0,0,0,0,0,2,0,0,0,107Y
34732,34732,,市立義盛國小,[336]桃園市復興區義盛里一鄰11號,289426.85,2743238.1,[03]桃園市,復興區,山,40,40,0,40,0,0,0,0,0,0,0,0,0,0,0,0,0,0,0,107Y
34733,34733,,市立霞雲國小,[336]桃園市復興區霞雲里六鄰14號,288553.66,2746083.88,[03]桃園市,復興區,山,25,23,0,23,0,0,0,0,0,0,0,0,0,0,0,0,0,0,0,107Y
34734,34734,,市立奎輝國小,[336]桃園市復興區奎輝里三鄰25號,283804.94,2743368.19,[03]桃園市,復興區,山,40,40,0,40,0,0,0,0,0,0,0,0,0,0,0,0,0,0,0,107Y
34735,34735,,市立光華國小,[336]桃園市復興區華陵里四鄰12號,290979.54,2725653.21,[03]桃園市,復興區,山,24,24,0,24,0,0,0,0,0,0,0,0,0,0,0,0,0,0,0,107Y
34736,34736,,市立高義國小,[336]桃園市復興區高義里三鄰28號,286473.46,2733938.62,[03]桃園市,復興區,山,45,41,1,40,0,0,0,0,0,0,0,0,0,0,0,0,0,0,0,107Y
34737,34737,,市立長興國小,[336]桃園市復興區長興里十六鄰頭角43號,281093.2,2743674.26,[03]桃園市,復興區,山,30,30,0,30,0,0,0,0,0,0,0,0,0,0,0,0,0,0,0,107Y
34738,34738,,市立三光國小,[336]桃園市復興區三光里四鄰8號,285956.36,2728357.93,[03]桃園市,復興區,山,32,32,0,32,0,0,0,0,0,0,0,0,0,0,0,0,0,0,0,107Y
34740,34740,,市立羅浮國小,[336]桃園市復興區羅浮里三鄰16號,287192.21,2744291.29,[03]桃園市,復興區,山,55,49,1,48,0,0,0,0,0,0,0,0,0,0,0,0,0,0,0,107Y
34741,34741,,市立巴崚國小,[336]桃園市復興區華陵里九鄰75號,290206.82,2731020.93,[03]桃園市,復興區,山,46,45,1,44,0,0,0,0,0,0,0,0,0,0,0,0,0,0,0,107Y
44601,44601,,縣立關西國小,[306]新竹縣關西鎮西安里中山路126號,255474.945,2732871.222,[04]新竹縣,關西鎮,平,571,19,3,10,3,1,0,0,0,0,0,0,0,2,0,0,0,0,0,107Y
44602,44602,,縣立東安國小,[306]新竹縣關西鎮東安里中山東路40號,268595.836,2742563.914,[04]新竹縣,關西鎮,平,246,5,0,2,1,2,0,0,0,0,0,0,0,0,0,0,0,0,0,107Y
44604,44604,,縣立坪林國小,[306]新竹縣關西鎮上林里坪林11號,264179.117,2743740.515,[04]新竹縣,關西鎮,平,42,1,0,1,0,0,0,0,0,0,0,0,0,0,0,0,0,0,0,107Y
44607,44605,,縣立東光國小,[306]新竹縣關西鎮東光里190號,267798.204,2741023.118,[04]新竹縣,關西鎮,平,42,3,0,3,0,0,0,0,0,0,0,0,0,0,0,0,0,0,0,107Y
44608,44607,,縣立錦山國小,[306]新竹縣關西鎮金山里107號,272786.201,2740175.093,[04]新竹縣,關西鎮,平,53,15,0,15,0,0,0,0,0,0,0,0,0,0,0,0,0,0,0,107Y
44609,44608,,縣立玉山國小,[306]新竹縣關西鎮玉山里四鄰25號,271105,2738940.01,[04]新竹縣,關西鎮,平,62,2,1,1,0,0,0,0,0,0,0,0,0,0,0,0,0,0,0,107Y
44666,44609,,縣立尖石國小,[313]新竹縣尖石鄉嘉樂村六鄰7號,269492.768,2732463.7,[04]新竹縣,尖石鄉,山,21,19,19,0,0,0,0,0,0,0,0,0,0,0,0,0,0,0,0,107Y
44667,44666,,縣立嘉興國小,[313]新竹縣尖石鄉嘉樂村三鄰177號,271319.706,2733148.24,[04]新竹縣,尖石鄉,山,87,83,0,81,0,2,0,0,0,0,0,0,0,0,0,0,0,0,0,107Y
44668,44667,,縣立新樂國小,[313]新竹縣尖石鄉新樂村一鄰10號,275336.492,2736088.462,[04]新竹縣,尖石鄉,山,123,112,0,112,0,0,0,0,0,0,0,0,0,0,0,0,0,0,0,107Y
44669,44668,,縣立梅花國小,[313]新竹縣尖石鄉梅花村1鄰25號,271145.952,2730106.331,[04]新竹縣,尖石鄉,山,62,62,0,62,0,0,0,0,0,0,0,0,0,0,0,0,0,0,0,107Y
44670,44669,,縣立錦屏國小,[313]新竹縣尖石鄉錦屏村十鄰116號,274975.23,2730385.066,[04]新竹縣,尖石鄉,山,43,42,0,42,0,0,0,0,0,0,0,0,0,0,0,0,0,0,0,107Y
44671,44670,,縣立玉峰國小,[313]新竹縣尖石鄉玉峰村五鄰59號,280486.753,2728165.57,[04]新竹縣,尖石鄉,山,31,30,0,30,0,0,0,0,0,0,0,0,0,0,0,0,0,0,0,107Y
44672,44671,,縣立石磊國小,[313]新竹縣尖石鄉玉峰村十鄰49號,283039.911,2727665.272,[04]新竹縣,尖石鄉,山,31,31,0,31,0,0,0,0,0,0,0,0,0,0,0,0,0,0,0,107Y
44673,44672,,縣立秀巒國小,[313]新竹縣尖石鄉秀巒村四鄰19號,278923.448,2723520.106,[04]新竹縣,尖石鄉,山,74,72,2,70,0,0,0,0,0,0,0,0,0,0,0,0,0,0,0,107Y
44674,44673,,縣立新光國小,[313]新竹縣尖石鄉秀巒村八鄰17號,280705.691,2719282.015,[04]新竹縣,尖石鄉,山,60,60,0,60,0,0,0,0,0,0,0,0,0,0,0,0,0,0,0,107Y
44675,44674,,縣立五峰國小,[311]新竹縣五峰鄉大隘村六鄰123號,261923.95,2724828.92,[04]新竹縣,五峰鄉,山,73,73,0,46,0,0,0,0,0,27,0,0,0,0,0,0,0,0,0,107Y
44676,44675,,縣立桃山國小,[311]新竹縣五峰鄉桃山村15鄰243號,260677.177,2718697.496,[04]新竹縣,五峰鄉,山,66,65,1,61,0,2,0,0,0,1,0,0,0,0,0,0,0,0,0,107Y
44677,44676,,縣立花園國小,[311]新竹縣五峰鄉花園村八鄰174號,265336,2726800.01,[04]新竹縣,五峰鄉,山,34,34,0,33,0,0,0,0,0,0,0,0,0,0,0,0,0,0,1,107Y
54668,44677,,縣立南庄國小,[353]苗栗縣南庄鄉東村文化路3號,249929.67,2721513.64,[05]苗栗縣,南庄鄉,平,146,53,0,29,0,0,0,0,0,24,0,0,0,0,0,0,0,0,0,107Y
54669,54668,,縣立田美國小,[353]苗栗縣南庄鄉田美村九鄰191號,250858.76,2724723.66,[05]苗栗縣,南庄鄉,平,51,6,3,1,0,0,0,0,0,2,0,0,0,0,0,0,0,0,0,107Y
54670,54669,,縣立南埔國小,[353]苗栗縣南庄鄉南富村134號,247273.08,2725370.98,[05]苗栗縣,南庄鄉,平,63,3,1,2,0,0,0,0,0,0,0,0,0,0,0,0,0,0,0,107Y
54671,54670,,縣立東河國小,[353]苗栗縣南庄鄉東河村三鄰132號,254090.81,2721539.14,[05]苗栗縣,南庄鄉,平,43,37,1,9,0,0,0,0,0,27,0,0,0,0,0,0,0,0,0,107Y
54672,54671,,縣立蓬萊國小,[353]苗栗縣南庄鄉蓬萊村19鄰118號,247043.643,2715139.401,[05]苗栗縣,南庄鄉,平,34,22,0,0,0,0,0,0,0,22,0,0,0,0,0,0,0,0,0,107Y
54698,54672,,縣立獅潭國小,[354]苗栗縣獅潭鄉新店村129號,241952.6,2714840.41,[05]苗栗縣,獅潭鄉,平,39,1,0,0,0,0,0,0,0,1,0,0,0,0,0,0,0,0,0,107Y
54700,54698,,縣立永興國小,[354]苗栗縣獅潭鄉永興村6鄰55-1號,243567.45,2718559.98,[05]苗栗縣,獅潭鄉,平,20,7,0,0,0,0,0,0,0,7,0,0,0,0,0,0,0,0,0,107Y
54707,54700,,縣立泰安國(中)小,[365]苗栗縣泰安鄉大興村32之1號,240796.37,2701696.9,[05]苗栗縣,泰安鄉,山,6,5,0,4,0,1,0,0,0,0,0,0,0,0,0,0,0,0,0,107Y
54708,54707,,縣立泰興國小,[365]苗栗縣泰安鄉中興村1鄰2號,241954.51,2698687.83,[05]苗栗縣,泰安鄉,山,28,27,0,26,0,1,0,0,0,0,0,0,0,0,0,0,0,0,0,107Y
54709,54708,,縣立清安國小,[365]苗栗縣泰安鄉清安村六鄰122號,242549.73,2703750.97,[05]苗栗縣,泰安鄉,山,18,14,0,14,0,0,0,0,0,0,0,0,0,0,0,0,0,0,0,107Y
54711,54709,,縣立汶水國小,[365]苗栗縣泰安鄉錦水村四鄰12號,242111.36,2705993.59,[05]苗栗縣,泰安鄉,山,53,48,3,39,2,2,0,0,0,2,0,0,0,0,0,0,0,0,0,107Y
54712,54711,,縣立象鼻國小,[365]苗栗縣泰安鄉象鼻村一鄰4號,244626.76,2694892.89,[05]苗栗縣,泰安鄉,山,37,36,0,36,0,0,0,0,0,0,0,0,0,0,0,0,0,0,0,107Y
54714,54712,,縣立梅園國小,[365]苗栗縣泰安鄉梅園村二鄰38號,247073.27,2698009.48,[05]苗栗縣,泰安鄉,山,43,42,0,41,0,0,0,0,0,0,0,0,0,0,0,1,0,0,0,107Y
54725,54714,,縣立士林國小,[365]苗栗縣泰安鄉士林村5鄰26號,242938.77,2693553.38,[05]苗栗縣,泰安鄉,山,27,27,0,27,0,0,0,0,0,0,0,0,0,0,0,0,0,0,0,107Y
64729,54725,,市立和平區和平國小,[424]臺中市和平區南勢里東關路三段54號,239387.366,2673963.595,[06]臺中市,和平區,山,43,22,2,20,0,0,0,0,0,0,0,0,0,0,0,0,0,0,0,107Y
64731,64729,,市立白冷國小,[424]臺中市和平區天輪里東關路二路天輪巷42號,242919.227,2675346.768,[06]臺中市,和平區,山,30,17,1,16,0,0,0,0,0,0,0,0,0,0,0,0,0,0,0,107Y
64732,64731,,市立博屋瑪國小,[424]臺中市和平區達觀里育英巷6號,241960.388,2691340.593,[06]臺中市,和平區,山,63,61,0,58,0,2,0,1,0,0,0,0,0,0,0,0,0,0,0,107Y
64733,64732,,市立中坑國小,[424]臺中市和平區中坑里中坑巷41號,237809,2681230.01,[06]臺中市,和平區,山,57,6,1,4,1,0,0,0,0,0,0,0,0,0,0,0,0,0,0,107Y
64734,64733,,市立平等國小,[424]臺中市和平區中興路三段環山3巷35號,279794.994,2690192.064,[06]臺中市,和平區,山,37,31,0,30,0,1,0,0,0,0,0,0,0,0,0,0,0,0,0,107Y
64735,64734,,市立博愛國小,[424]臺中市和平區博愛里東關路一段松鶴三巷10號,247905.232,2674631.546,[06]臺中市,和平區,山,66,43,2,38,1,0,0,2,0,0,0,0,0,0,0,0,0,0,0,107Y
64736,64735,,市立自由國小,[424]臺中市和平區自由里東崎路二段49號,240757.544,2687297.112,[06]臺中市,和平區,山,51,40,2,29,4,4,0,0,0,1,0,0,0,0,0,0,0,0,0,107Y
64737,64736,,市立梨山國(中)小,[424]臺中市和平區梨山里福壽路10號,276368.02,2683391.28,[06]臺中市,和平區,山,107,46,17,15,1,9,0,0,0,0,0,2,0,1,0,1,0,0,0,107Y
84687,64737,,縣立魚池國小,[555]南投縣魚池鄉魚池村瓊文巷41號,243616.91,2643833.81,[08]南投縣,魚池鄉,平,179,4,0,3,0,1,0,0,0,0,0,0,0,0,0,0,0,0,0,107Y
84689,84687,,縣立東光國小,[555]南投縣魚池鄉東光村慶隆巷36號,246608.74,2642893.06,[08]南投縣,魚池鄉,平,38,2,0,0,0,2,0,0,0,0,0,0,0,0,0,0,0,0,0,107Y
84690,84689,,縣立五城國小,[555]南投縣魚池鄉五城村華龍巷1之2號,238711.75,2642944.7,[08]南投縣,魚池鄉,平,29,1,0,0,0,1,0,0,0,0,0,0,0,0,0,0,0,0,0,107Y
84693,84690,,縣立新城國小,[555]南投縣魚池鄉新城村通文巷7之1號,242287.46,2644414.63,[08]南投縣,魚池鄉,平,135,6,0,2,2,2,0,0,0,0,0,0,0,0,0,0,0,0,0,107Y
84694,84693,,縣立德化國小,[555]南投縣魚池鄉日月村中正路211巷1號,243426.93,2638250.41,[08]南投縣,魚池鄉,平,36,11,1,0,0,0,0,0,0,0,0,10,0,0,0,0,0,0,0,107Y
84695,84694,,縣立共和國小,[555]南投縣魚池鄉共和村五馬巷57之1號,246565.18,2646076.77,[08]南投縣,魚池鄉,平,31,1,0,0,0,1,0,0,0,0,0,0,0,0,0,0,0,0,0,107Y
84716,84695,,縣立信義國小,[556]南投縣信義鄉明德村玉山路24號,235186.61,2621578.28,[08]南投縣,信義鄉,山,54,34,0,0,3,31,0,0,0,0,0,0,0,0,0,0,0,0,0,107Y
84717,84716,,縣立羅娜國小,[556]南投縣信義鄉羅娜村信義巷一鄰73號,236816,2613870.009,[08]南投縣,信義鄉,山,98,95,2,2,0,90,0,0,0,1,0,0,0,0,0,0,0,0,0,107Y
84718,84717,,縣立同富國小,[556]南投縣信義鄉同富村同和巷4號,238547.96,2610048.64,[08]南投縣,信義鄉,山,143,91,1,0,0,89,0,1,0,0,0,0,0,0,0,0,0,0,0,107Y
84719,84718,,縣立愛國國小,[556]南投縣信義鄉愛國村愛國巷108號,234562.47,2621128.1,[08]南投縣,信義鄉,山,47,4,0,0,0,2,0,0,0,0,0,0,0,0,0,2,0,0,0,107Y
84720,84719,,縣立人和國小,[556]南投縣信義鄉人和村民生巷3號,239506.08,2630634.77,[08]南投縣,信義鄉,山,74,74,0,0,0,74,0,0,0,0,0,0,0,0,0,0,0,0,0,107Y
84721,84720,,縣立地利國小,[556]南投縣信義鄉地利村開信巷17號,244229.62,2632232.17,[08]南投縣,信義鄉,山,59,54,0,0,0,54,0,0,0,0,0,0,0,0,0,0,0,0,0,107Y
84722,84721,,縣立東埔國小,[556]南投縣信義鄉東埔村開高巷63號,242611.731,2606547.478,[08]南投縣,信義鄉,山,42,41,0,0,0,41,0,0,0,0,0,0,0,0,0,0,0,0,0,107Y
84724,84722,,縣立潭南國小,[556]南投縣信義鄉潭南村和平巷49號,243912.91,2635233.87,[08]南投縣,信義鄉,山,74,72,0,0,0,72,0,0,0,0,0,0,0,0,0,0,0,0,0,107Y
84728,84724,,縣立隆華國小,[556]南投縣信義鄉神木村民和巷65-6號,236499.28,2606678.65,[08]南投縣,信義鄉,山,29,5,3,0,0,2,0,0,0,0,0,0,0,0,0,0,0,0,0,107Y
84729,84728,,縣立新鄉國小,[556]南投縣信義鄉新鄉村80號,236679.5,2615147.11,[08]南投縣,信義鄉,山,57,57,0,0,0,57,0,0,0,0,0,0,0,0,0,0,0,0,0,107Y
84730,84729,,縣立久美國小,[556]南投縣信義鄉望美村美信巷54號,238195.7,2612444.21,[08]南投縣,信義鄉,山,48,48,0,0,0,41,0,7,0,0,0,0,0,0,0,0,0,0,0,107Y
84731,84730,,縣立雙龍國小,[556]南投縣信義鄉雙龍村光復巷4號,244932.84,2631294.2,[08]南投縣,信義鄉,山,55,55,0,0,0,55,0,0,0,0,0,0,0,0,0,0,0,0,0,107Y
84732,84731,,縣立豐丘國小,[556]南投縣信義鄉豐丘村高平巷77號,237263.4,2618514.94,[08]南投縣,信義鄉,山,27,26,0,1,0,23,0,0,0,0,0,0,0,0,0,2,0,0,0,107Y
84733,84732,,縣立仁愛國小,[546]南投縣仁愛鄉大同村山農巷5號,263554.62,2657296.75,[08]南投縣,仁愛鄉,山,62,50,0,9,0,5,0,0,0,0,0,0,0,0,0,36,0,0,0,107Y
84734,84733,,縣立親愛國小,[546]南投縣仁愛鄉親愛村高平路3號,261117.83,2651457.44,[08]南投縣,仁愛鄉,山,97,86,0,44,2,3,0,0,0,0,0,0,0,1,0,36,0,0,0,107Y
84735,84734,,縣立法治國小,[546]南投縣仁愛鄉法治村界山巷6號,254702.81,2645799.36,[08]南投縣,仁愛鄉,山,78,76,0,4,0,72,0,0,0,0,0,0,0,0,0,0,0,0,0,107Y
84736,84735,,縣立合作國小,[546]南投縣仁愛鄉合作村平生路23號,272024.437,2664594.858,[08]南投縣,仁愛鄉,山,34,34,0,0,0,0,0,0,0,0,0,0,0,0,0,34,0,0,0,107Y
84737,84736,,縣立互助國小,[546]南投縣仁愛鄉互助村中華路19號,246911.23,2662007.25,[08]南投縣,仁愛鄉,山,57,56,2,6,0,0,0,0,0,0,0,0,0,0,0,48,0,0,0,107Y
84738,84737,,縣立力行國小,[546]南投縣仁愛鄉力行村新望洋67號,269241.32,2671459.875,[08]南投縣,仁愛鄉,山,35,35,0,34,0,0,0,0,0,0,0,0,0,0,0,1,0,0,0,107Y
84739,84738,,縣立南豐國小,[546]南投縣仁愛鄉南豐村楓林路3號,257998.22,2655059.21,[08]南投縣,仁愛鄉,山,39,34,1,1,1,3,0,0,0,0,0,0,0,0,0,28,0,0,0,107Y
84740,84739,,縣立中正國小,[546]南投縣仁愛鄉中正村平等巷114號,249102.95,2644463.29,[08]南投縣,仁愛鄉,山,89,89,2,2,1,83,0,0,0,0,0,0,0,1,0,0,0,0,0,107Y
84741,84740,,縣立廬山國小,[546]南投縣仁愛鄉精英村中華巷19號,268940.45,2658920.06,[08]南投縣,仁愛鄉,山,46,46,0,5,0,1,0,0,0,0,0,0,0,0,0,40,0,0,0,107Y
84742,84741,,縣立發祥國小,[546]南投縣仁愛鄉發祥村光復巷24號,266000.51,2668750.35,[08]南投縣,仁愛鄉,山,11,11,0,9,0,0,0,0,0,0,0,0,0,0,0,2,0,0,0,107Y
84743,84742,,縣立萬豐國小,[546]南投縣仁愛鄉萬豐村清華巷8號,257760.78,2649141.34,[08]南投縣,仁愛鄉,山,66,62,0,0,0,62,0,0,0,0,0,0,0,0,0,0,0,0,0,107Y
84744,84743,,縣立都達國小,[546]南投縣仁愛鄉都達村法觀路17號,269545.2,2661627.72,[08]南投縣,仁愛鄉,山,39,39,0,3,0,3,0,0,0,0,0,0,0,2,0,31,0,0,0,107Y
84745,84744,,縣立春陽國小,[546]南投縣仁愛鄉春陽村永樂巷58號,265134.591,2658137.861,[08]南投縣,仁愛鄉,山,63,63,0,0,0,0,0,0,0,0,0,0,0,0,0,63,0,0,0,107Y
84746,84745,,縣立紅葉國小,[546]南投縣仁愛鄉發祥村仁盛路70號,268009.52,2672721.86,[08]南投縣,仁愛鄉,山,20,20,0,20,0,0,0,0,0,0,0,0,0,0,0,0,0,0,0,107Y
84747,84746,,縣立清境國小,[546]南投縣仁愛鄉定遠新村24號,266129.066,2659965.473,[08]南投縣,仁愛鄉,山,44,18,0,0,1,3,0,0,0,0,0,2,0,0,0,12,0,0,0,107Y
104727,84747,,縣立達邦國小,[605]嘉義縣阿里山鄉達邦村一鄰1號,224394.46,2594491.49,[10]嘉義縣,阿里山鄉,山,47,46,0,0,0,0,0,46,0,0,0,0,0,0,0,0,0,0,0,107Y
104729,104727,,縣立十字國小,[605]嘉義縣阿里山鄉十字村16號,224876.37,2598840.66,[10]嘉義縣,阿里山鄉,山,13,7,0,0,0,0,0,7,0,0,0,0,0,0,0,0,0,0,0,107Y
104730,104729,,縣立來吉國小,[605]嘉義縣阿里山鄉來吉村四鄰91號,223452.58,2602965.85,[10]嘉義縣,阿里山鄉,山,21,17,0,0,0,0,0,17,0,0,0,0,0,0,0,0,0,0,0,107Y
104732,104730,,縣立山美國小,[605]嘉義縣阿里山鄉山美村61號,216162.25,2586748.97,[10]嘉義縣,阿里山鄉,山,35,33,0,0,0,0,0,33,0,0,0,0,0,0,0,0,0,0,0,107Y
104733,104732,,縣立新美國小,[605]嘉義縣阿里山鄉新美村四鄰78號,217620.16,2581717.57,[10]嘉義縣,阿里山鄉,山,25,21,0,0,0,2,0,19,0,0,0,0,0,0,0,0,0,0,0,107Y
104734,104733,,縣立阿里山國(中)小,[605]嘉義縣阿里山鄉樂野村一鄰31號,219496.18,2596198.28,[10]嘉義縣,阿里山鄉,山,86,61,0,1,0,0,0,60,0,0,0,0,0,0,0,0,0,0,0,107Y
104735,104734,,縣立香林國小,[605]嘉義縣阿里山鄉香林村二鄰41號,230455.89,2601490.84,[10]嘉義縣,阿里山鄉,山,18,2,0,0,0,0,0,2,0,0,0,0,0,0,0,0,0,0,0,107Y
104737,104735,,縣立茶山國小,[605]嘉義縣阿里山鄉茶山村三鄰74號,215913.57,2577581.19,[10]嘉義縣,阿里山鄉,山,19,14,0,1,0,3,0,10,0,0,0,0,0,0,0,0,0,0,0,107Y
124731,104737,,市立民生國小,[849]高雄市那瑪夏區達卡努瓦里大光巷159號,221494.672,2574910.94,[12]高雄市,那瑪夏區,山,96,96,0,0,1,74,0,5,0,0,0,0,0,0,0,0,2,14,0,107Y
124732,124731,,市立茂林國小,[851]高雄市茂林區茂林里4之3號,215561,2531690.008,[12]高雄市,茂林區,山,42,41,1,0,3,2,0,0,33,0,1,0,0,1,0,0,0,0,0,107Y
124733,124732,,市立多納國小,[851]高雄市茂林區多納里1-2號,220914.569,2534391.168,[12]高雄市,茂林區,山,23,22,0,0,0,0,0,0,22,0,0,0,0,0,0,0,0,0,0,107Y
124734,124733,,市立桃源國小,[848]高雄市桃源區桃源里北進巷五十號,226015.515,2562072.166,[12]高雄市,桃源區,山,79,77,2,4,2,68,0,0,0,0,0,0,0,0,0,0,1,0,0,107Y
124735,124734,,市立建山國小,[848]高雄市桃源區建山里96號,217479,2555960.009,[12]高雄市,桃源區,山,46,44,1,2,4,33,0,0,1,0,0,0,0,0,0,0,3,0,0,107Y
124736,124735,,市立興中國小,[848]高雄市桃源區高中里興中巷44號,221224.342,2558547.305,[12]高雄市,桃源區,山,61,57,1,0,4,41,0,3,0,0,0,0,0,0,0,0,8,0,0,107Y
124737,124736,,市立寶山國小,[848]高雄市桃源區寶山里98號,220185,2548260.009,[12]高雄市,桃源區,山,21,20,0,1,0,18,0,0,0,0,0,0,0,0,0,0,1,0,0,107Y
124738,124737,,市立樟山國小,[848]高雄市桃源區拉芙蘭里南橫公路五段440號,231517.43,2572284.63,[12]高雄市,桃源區,山,36,36,0,0,0,36,0,0,0,0,0,0,0,0,0,0,0,0,0,107Y
124755,124738,,市立那瑪夏區民權國小,[849]高雄市那瑪夏區瑪雅里平和巷220號,219558.197,2571696.866,[12]高雄市,那瑪夏區,山,115,62,0,1,1,48,0,1,0,0,0,0,0,0,0,0,2,9,0,107Y
134729,124755,,縣立滿州國小,[947]屏東縣滿州鄉滿州村中山路39號,233286.05,2435822.61,[13]屏東縣,滿州鄉,平,89,29,0,0,29,0,0,0,0,0,0,0,0,0,0,0,0,0,0,107Y
134730,134729,,縣立長樂國小,[947]屏東縣滿州鄉長樂村大公路35號,232317.05,2441929.38,[13]屏東縣,滿州鄉,平,61,48,3,0,45,0,0,0,0,0,0,0,0,0,0,0,0,0,0,107Y
134731,134730,,縣立永港國小,[947]屏東縣滿州鄉永靖村新庄路25號,231144.61,2434197.1,[13]屏東縣,滿州鄉,平,56,14,3,0,11,0,0,0,0,0,0,0,0,0,0,0,0,0,0,107Y
134737,134731,,縣立地磨兒國小,[901]屏東縣三地門鄉三地村行政街9號,214509.72,2512755.33,[13]屏東縣,三地門鄉,山,159,157,2,1,138,0,0,0,15,0,0,1,0,0,0,0,0,0,0,107Y
134740,134737,,縣立青山國小,[901]屏東縣三地門鄉青山村民族巷9號,213186.31,2524076.29,[13]屏東縣,三地門鄉,山,49,49,2,0,45,1,0,0,1,0,0,0,0,0,0,0,0,0,0,107Y
134741,134740,,縣立青葉國小,[901]屏東縣三地門鄉青葉村光復巷1之2號,212978.464,2526420.78,[13]屏東縣,三地門鄉,山,46,37,2,0,4,0,0,0,31,0,0,0,0,0,0,0,0,0,0,107Y
134742,134741,,縣立口社國小,[901]屏東縣三地門鄉口社村信義巷65號,213527.16,2518896.79,[13]屏東縣,三地門鄉,山,69,66,0,0,66,0,0,0,0,0,0,0,0,0,0,0,0,0,0,107Y
134744,134742,,縣立佳義國小,[903]屏東縣瑪家鄉佳義村泰平巷12號,212052.51,2505918.17,[13]屏東縣,瑪家鄉,山,133,132,1,2,124,0,1,0,3,0,0,0,0,0,0,0,0,0,1,107Y
134746,134744,,縣立北葉國小,[903]屏東縣瑪家鄉北葉村風景巷1-22號,213685.58,2511847.64,[13]屏東縣,瑪家鄉,山,102,101,0,0,87,0,0,0,14,0,0,0,0,0,0,0,0,0,0,107Y
134748,134746,,縣立霧臺國小,[902]屏東縣霧臺鄉霧臺村中山巷45號,222405.45,2516098.76,[13]屏東縣,霧臺鄉,山,87,86,0,0,4,3,0,1,78,0,0,0,0,0,0,0,0,0,0,107Y
134751,134748,,縣立武潭國小,[921]屏東縣泰武鄉武潭村潭中巷45號,212412.3,2497643.79,[13]屏東縣,泰武鄉,山,137,137,0,0,137,0,0,0,0,0,0,0,0,0,0,0,0,0,0,107Y
134752,134751,,縣立泰武國小,[921]屏東縣泰武鄉泰武村阿夫魯岸路1號,209989.08,2500664.77,[13]屏東縣,泰武鄉,山,98,94,3,0,91,0,0,0,0,0,0,0,0,0,0,0,0,0,0,107Y
134753,134752,,縣立萬安國小,[921]屏東縣泰武鄉萬安村萬安路1號,212793,2503000.008,[13]屏東縣,泰武鄉,山,84,84,0,0,84,0,0,0,0,0,0,0,0,0,0,0,0,0,0,107Y
134754,134753,,縣立來義國小,[922]屏東縣來義鄉丹林村古義路2號,213923.37,2492055.25,[13]屏東縣,來義鄉,山,96,95,2,0,92,0,0,0,0,1,0,0,0,0,0,0,0,0,0,107Y
134755,134754,,縣立望嘉國小,[922]屏東縣來義鄉望嘉村165號,211204.49,2484850.42,[13]屏東縣,來義鄉,山,52,49,0,0,49,0,0,0,0,0,0,0,0,0,0,0,0,0,0,107Y
134756,134755,,縣立文樂國小,[922]屏東縣來義鄉文樂村新樂路1號,211264,2488190.008,[13]屏東縣,來義鄉,山,51,48,0,0,48,0,0,0,0,0,0,0,0,0,0,0,0,0,0,107Y
134757,134756,,縣立南和國小,[922]屏東縣來義鄉南和村51號,213214.77,2481924.74,[13]屏東縣,來義鄉,山,65,64,0,0,64,0,0,0,0,0,0,0,0,0,0,0,0,0,0,107Y
134758,134757,,縣立古樓國小,[922]屏東縣來義鄉古樓村育英路2號,211518.62,2492019.15,[13]屏東縣,來義鄉,山,37,37,0,0,37,0,0,0,0,0,0,0,0,0,0,0,0,0,0,107Y
134759,134758,,縣立春日國小,[942]屏東縣春日鄉春日村春日路314號,211589.42,2474604.1,[13]屏東縣,春日鄉,山,67,66,0,0,66,0,0,0,0,0,0,0,0,0,0,0,0,0,0,107Y
134760,134759,,縣立力里國小,[942]屏東縣春日鄉七佳村自強一路92號,211813.52,2480955.68,[13]屏東縣,春日鄉,山,105,104,1,0,102,1,0,0,0,0,0,0,0,0,0,0,0,0,0,107Y
134761,134760,,縣立古華國小,[942]屏東縣春日鄉古華村古華路3巷63號,211481.3,2473579.26,[13]屏東縣,春日鄉,山,64,64,0,0,64,0,0,0,0,0,0,0,0,0,0,0,0,0,0,107Y
134762,134761,,縣立楓林國小,[943]屏東縣獅子鄉楓林村楓林2巷22-2號,219564.65,2455959.45,[13]屏東縣,獅子鄉,山,29,27,0,1,25,1,0,0,0,0,0,0,0,0,0,0,0,0,0,107Y
134763,134762,,縣立丹路國小,[943]屏東縣獅子鄉丹路村丹路1巷39號,224375.632,2456093.414,[13]屏東縣,獅子鄉,山,39,38,0,0,37,0,0,0,1,0,0,0,0,0,0,0,0,0,0,107Y
134764,134763,,縣立內獅國小,[943]屏東縣獅子鄉內獅村1號,213525.89,2466564.74,[13]屏東縣,獅子鄉,山,91,91,0,0,91,0,0,0,0,0,0,0,0,0,0,0,0,0,0,107Y
134765,134764,,縣立草埔國小,[943]屏東縣獅子鄉草埔村1巷5號,229715,2459560.008,[13]屏東縣,獅子鄉,山,27,25,1,0,24,0,0,0,0,0,0,0,0,0,0,0,0,0,0,107Y
134766,134765,,縣立石門國小,[945]屏東縣牡丹鄉石門村石門路33號,226532.77,2447504.3,[13]屏東縣,牡丹鄉,山,71,71,0,0,71,0,0,0,0,0,0,0,0,0,0,0,0,0,0,107Y
134768,134766,,縣立高士國小,[945]屏東縣牡丹鄉高士村高士路29號,234214.81,2447379.65,[13]屏東縣,牡丹鄉,山,57,57,0,0,57,0,0,0,0,0,0,0,0,0,0,0,0,0,0,107Y
134769,134768,,縣立牡丹國小,[945]屏東縣牡丹鄉牡丹村牡丹路93號,233261.16,2453123.33,[13]屏東縣,牡丹鄉,山,63,62,13,0,49,0,0,0,0,0,0,0,0,0,0,0,0,0,0,107Y
134784,134769,,縣立賽嘉國小,[901]屏東縣三地門鄉賽嘉村2號,213007,2515980.008,[13]屏東縣,三地門鄉,山,63,61,0,0,61,0,0,0,0,0,0,0,0,0,0,0,0,0,0,107Y
134787,134784,,縣立長榮百合國小,[903]屏東縣瑪家鄉瑪家村和平路一段65號,213301.56,2510942.2,[13]屏東縣,瑪家鄉,山,107,99,0,0,76,0,0,0,23,0,0,0,0,0,0,0,0,0,0,107Y
140601,134787,,國立臺東大學附小,[950]臺東縣臺東市博愛路345號,265121.701,2517195.53,[14]臺東縣,臺東市,平,994,104,46,0,22,10,18,0,5,0,0,0,0,3,0,0,0,0,0,107Y
144601,140601,,縣立仁愛國小,[950]臺東縣臺東市四維路一段400號,266313.83,2517423.212,[14]臺東縣,臺東市,平,275,79,56,0,17,2,3,0,0,0,1,0,0,0,0,0,0,0,0,107Y
144602,144601,,縣立復興國小,[950]臺東縣臺東市鐵花路87巷55號,265557.797,2516286.768,[14]臺東縣,臺東市,平,107,33,11,2,7,2,6,0,0,0,3,0,0,2,0,0,0,0,0,107Y
144603,144602,,縣立光明國小,[950]臺東縣臺東市中興路二段150巷29弄1號,263267.194,2518677.17,[14]臺東縣,臺東市,平,130,42,22,2,5,3,9,0,1,0,0,0,0,0,0,0,0,0,0,107Y
144604,144603,,縣立寶桑國小,[950]臺東縣臺東市四維路二段23號,265523.146,2517956.964,[14]臺東縣,臺東市,平,326,91,57,0,11,5,11,0,1,0,2,0,1,3,0,0,0,0,0,107Y
144605,144604,,縣立新生國小,[950]臺東縣臺東市更生路474巷45號,264589.635,2518172.794,[14]臺東縣,臺東市,平,660,215,122,1,58,13,17,0,4,0,0,0,0,0,0,0,0,0,0,107Y
144606,144605,,縣立豐里國小,[950]臺東縣臺東市中華路三段80號,262541.956,2515176.855,[14]臺東縣,臺東市,平,130,66,54,1,2,1,6,0,1,0,1,0,0,0,0,0,0,0,0,107Y
144607,144606,,縣立豐榮國小,[950]臺東縣臺東市中華路二段154巷150號,264051.786,2516322.207,[14]臺東縣,臺東市,平,405,168,107,1,36,7,12,0,0,0,2,0,0,0,0,3,0,0,0,107Y
144608,144607,,縣立馬蘭國小,[950]臺東縣臺東市馬蘭里新社三街6號,263931.109,2518309.746,[14]臺東縣,臺東市,平,522,105,58,0,19,10,15,0,2,0,1,0,0,0,0,0,0,0,0,107Y
144609,144608,,縣立豐源國小,[950]臺東縣臺東市中華路四段392號,261126.561,2514404.211,[14]臺東縣,臺東市,平,76,22,14,0,0,1,5,0,0,0,0,0,2,0,0,0,0,0,0,107Y
144610,144609,,縣立康樂國小,[950]臺東縣臺東市山西路一段256號,262270.154,2517209.234,[14]臺東縣,臺東市,平,249,95,63,0,15,6,8,0,0,0,3,0,0,0,0,0,0,0,0,107Y
144611,144610,,縣立豐年國小,[950]臺東縣臺東市中興路三段320號,261441.713,2519016.456,[14]臺東縣,臺東市,平,62,48,25,0,12,5,3,0,2,0,1,0,0,0,0,0,0,0,0,107Y
144612,144611,,縣立卑南國小,[950]臺東縣臺東市卑南里更生北路317號,262242.114,2520131.763,[14]臺東縣,臺東市,平,258,104,61,0,3,20,14,0,0,0,4,0,0,2,0,0,0,0,0,107Y
144613,144612,,縣立岩灣國小,[950]臺東縣臺東市岩灣路50巷401弄11號,262821.203,2522797.001,[14]臺東縣,臺東市,平,56,21,17,0,2,2,0,0,0,0,0,0,0,0,0,0,0,0,0,107Y
144614,144613,,縣立南王國小,[950]臺東縣臺東市南王里更生北路726號,261738.661,2520918.89,[14]臺東縣,臺東市,平,74,57,12,1,3,3,36,1,0,0,0,0,0,1,0,0,0,0,0,107Y
144615,144614,,縣立知本國小,[950]臺東縣臺東市知本路三段107號,255598.257,2511696.009,[14]臺東縣,臺東市,平,195,92,25,2,10,4,51,0,0,0,0,0,0,0,0,0,0,0,0,107Y
144616,144615,,縣立建和國小,[950]臺東縣臺東市青海路三段640號,255050.709,2512917.857,[14]臺東縣,臺東市,平,84,54,9,1,5,0,39,0,0,0,0,0,0,0,0,0,0,0,0,107Y
144617,144616,,縣立豐田國小,[950]臺東縣臺東市中興路四段750號,258907.49,2519350.691,[14]臺東縣,臺東市,平,246,115,48,0,26,2,31,0,5,2,0,0,0,1,0,0,0,0,0,107Y
144618,144617,,縣立富岡國小,[950]臺東縣臺東市松江路一段441號,269905.858,2521727.208,[14]臺東縣,臺東市,平,63,36,32,1,0,1,1,0,1,0,0,0,0,0,0,0,0,0,0,107Y
144619,144618,,縣立新園國小,[950]臺東縣臺東市新園路88號,256402.807,2518269.964,[14]臺東縣,臺東市,平,34,25,4,0,20,0,0,0,1,0,0,0,0,0,0,0,0,0,0,107Y
144620,144619,,縣立賓朗國小,[954]臺東縣卑南鄉賓朗村474巷2號,259606.066,2522930.194,[14]臺東縣,卑南鄉,平,68,39,11,1,5,0,19,0,2,0,0,0,1,0,0,0,0,0,0,107Y
144621,144620,,縣立溫泉國小,[954]臺東縣卑南鄉溫泉村11鄰291號,252664.074,2510805.783,[14]臺東縣,卑南鄉,平,90,17,5,1,6,0,3,0,1,0,1,0,0,0,0,0,0,0,0,107Y
144622,144621,,縣立利嘉國小,[954]臺東縣卑南鄉利嘉村利嘉路666號,256459.415,2519588.051,[14]臺東縣,卑南鄉,平,42,36,4,0,2,0,30,0,0,0,0,0,0,0,0,0,0,0,0,107Y
144623,144622,,縣立初鹿國小,[954]臺東縣卑南鄉初鹿村梅園路97號,259449.109,2528802.1,[14]臺東縣,卑南鄉,平,99,52,31,0,1,0,20,0,0,0,0,0,0,0,0,0,0,0,0,107Y
144624,144623,,縣立東成國小,[954]臺東縣卑南鄉美農村22鄰班鳩92號,258457.744,2526080.578,[14]臺東縣,卑南鄉,平,47,10,0,0,2,0,7,0,0,0,0,0,0,0,0,1,0,0,0,107Y
144625,144624,,縣立富山國小,[954]臺東縣卑南鄉富山村漁場三鄰66號,269637.408,2527746.149,[14]臺東縣,卑南鄉,平,67,29,24,0,2,0,3,0,0,0,0,0,0,0,0,0,0,0,0,107Y
144627,144625,,縣立大南國小,[954]臺東縣卑南鄉東興村東園一街40號,254419.548,2518253.832,[14]臺東縣,卑南鄉,平,65,65,5,1,4,1,2,0,52,0,0,0,0,0,0,0,0,0,0,107Y
144628,144627,,縣立太平國小,[954]臺東縣卑南鄉泰安村6號,257779.46,2521120.649,[14]臺東縣,卑南鄉,平,140,104,22,3,14,7,47,0,10,0,1,0,0,0,0,0,0,0,0,107Y
144629,144628,,縣立大王國小,[963]臺東縣太麻里鄉大王村文化路60號,250397,2501430.008,[14]臺東縣,太麻里鄉,平,178,96,15,0,73,1,3,0,4,0,0,0,0,0,0,0,0,0,0,107Y
144630,144629,,縣立香蘭國小,[963]臺東縣太麻里鄉香蘭村四鄰28號,249326.706,2498635.728,[14]臺東縣,太麻里鄉,平,37,22,6,0,13,0,0,0,0,0,0,0,0,3,0,0,0,0,0,107Y
144632,144630,,縣立三和國小,[963]臺東縣太麻里鄉三和村漁場94號,253827.245,2508008.933,[14]臺東縣,太麻里鄉,平,39,6,4,0,1,1,0,0,0,0,0,0,0,0,0,0,0,0,0,107Y
144633,144632,,縣立美和國小,[963]臺東縣太麻里鄉美和村美和90號,254549.146,2509700.906,[14]臺東縣,太麻里鄉,平,54,12,7,1,3,0,1,0,0,0,0,0,0,0,0,0,0,0,0,107Y
144635,144633,,縣立大溪國小,[963]臺東縣太麻里鄉多良村十五鄰大溪85號,243981.993,2484756.568,[14]臺東縣,太麻里鄉,平,41,34,5,0,28,1,0,0,0,0,0,0,0,0,0,0,0,0,0,107Y
144636,144635,,縣立尚武國小,[965]臺東縣大武鄉尚武村八鄰學府路7號,238492.935,2471191.659,[14]臺東縣,大武鄉,平,59,29,5,0,23,1,0,0,0,0,0,0,0,0,0,0,0,0,0,107Y
144637,144636,,縣立大武國小,[965]臺東縣大武鄉民族街2巷49號,240193.348,2474020.798,[14]臺東縣,大武鄉,平,100,75,4,1,68,2,0,0,0,0,0,0,0,0,0,0,0,0,0,107Y
144638,144637,,縣立大鳥國小,[965]臺東縣大武鄉大鳥村一鄰12號,240783.46,2475993.115,[14]臺東縣,大武鄉,平,88,87,2,0,84,0,1,0,0,0,0,0,0,0,0,0,0,0,0,107Y
144642,144638,,縣立鹿野國小,[955]臺東縣鹿野鄉鹿野村中華路一段402號,264054.926,2534256.488,[14]臺東縣,鹿野鄉,平,51,25,17,0,0,7,1,0,0,0,0,0,0,0,0,0,0,0,0,107Y
144643,144642,,縣立龍田國小,[955]臺東縣鹿野鄉龍田村光榮路236號,262746.272,2533683.965,[14]臺東縣,鹿野鄉,平,50,6,5,0,0,0,1,0,0,0,0,0,0,0,0,0,0,0,0,107Y
144644,144643,,縣立永安國小,[955]臺東縣鹿野鄉永安村鹿寮路31號,263163.839,2536938.416,[14]臺東縣,鹿野鄉,平,51,24,21,0,0,0,1,0,0,0,2,0,0,0,0,0,0,0,0,107Y
144645,144644,,縣立瑞豐國小,[955]臺東縣鹿野鄉瑞豐村中山路67號,264039.637,2541971.572,[14]臺東縣,鹿野鄉,平,40,14,10,0,2,2,0,0,0,0,0,0,0,0,0,0,0,0,0,107Y
144646,144645,,縣立瑞源國小,[955]臺東縣鹿野鄉瑞源村文化路67號,265940.074,2539623.565,[14]臺東縣,鹿野鄉,平,90,44,41,0,0,3,0,0,0,0,0,0,0,0,0,0,0,0,0,107Y
144647,144646,,縣立關山國小,[956]臺東縣關山鎮中華路101號,266879.317,2549897.569,[14]臺東縣,關山鎮,平,321,135,76,6,0,48,0,0,0,2,0,0,0,3,0,0,0,0,0,107Y
144648,144647,,縣立月眉國小,[956]臺東縣關山鎮月眉里盛豐路二鄰1號,265220,2545330.009,[14]臺東縣,關山鎮,平,19,7,6,0,0,1,0,0,0,0,0,0,0,0,0,0,0,0,0,107Y
144649,144648,,縣立德高國小,[956]臺東縣關山鎮德高里7鄰永豐16號,268234.897,2552482.067,[14]臺東縣,關山鎮,平,29,26,26,0,0,0,0,0,0,0,0,0,0,0,0,0,0,0,0,107Y
144650,144649,,縣立電光國小,[956]臺東縣關山鎮電光里中興路93號,267770,2544970.009,[14]臺東縣,關山鎮,平,17,16,16,0,0,0,0,0,0,0,0,0,0,0,0,0,0,0,0,107Y
144651,144650,,縣立福原國小,[958]臺東縣池上鄉福原村中華路17號,272057.453,2558148.779,[14]臺東縣,池上鄉,平,200,65,51,1,1,8,1,0,0,0,0,0,0,3,0,0,0,0,0,107Y
144652,144651,,縣立大坡國小,[958]臺東縣池上鄉慶豐村八鄰87號,273635.195,2558203.929,[14]臺東縣,池上鄉,平,30,15,14,0,0,1,0,0,0,0,0,0,0,0,0,0,0,0,0,107Y
144653,144652,,縣立萬安國小,[958]臺東縣池上鄉萬安村一鄰5之2號,272409,2554850.009,[14]臺東縣,池上鄉,平,55,21,13,3,1,4,0,0,0,0,0,0,0,0,0,0,0,0,0,107Y
144655,144653,,縣立東河國小,[959]臺東縣東河鄉東河村十六鄰35號,279975.455,2539490.793,[14]臺東縣,東河鄉,平,40,27,24,0,0,0,3,0,0,0,0,0,0,0,0,0,0,0,0,107Y
144656,144655,,縣立都蘭國小,[959]臺東縣東河鄉都蘭村431號,273284.196,2530786.712,[14]臺東縣,東河鄉,平,70,35,29,1,2,3,0,0,0,0,0,0,0,0,0,0,0,0,0,107Y
144659,144656,,縣立泰源國小,[959]臺東縣東河鄉泰源村11鄰297號,279220.643,2544135.931,[14]臺東縣,東河鄉,平,75,48,47,1,0,0,0,0,0,0,0,0,0,0,0,0,0,0,0,107Y
144660,144659,,縣立北源國小,[959]臺東縣東河鄉北源村順那21號,279997.239,2548712.653,[14]臺東縣,東河鄉,平,18,12,12,0,0,0,0,0,0,0,0,0,0,0,0,0,0,0,0,107Y
144662,144660,,縣立三民國小,[961]臺東縣成功鎮三民路18號,288032.67,2555608.552,[14]臺東縣,成功鎮,平,93,70,64,0,5,0,0,0,0,0,1,0,0,0,0,0,0,0,0,107Y
144663,144662,,縣立成功國小,[961]臺東縣成功鎮太平路28號,289194.248,2555652.832,[14]臺東縣,成功鎮,平,305,89,83,0,0,0,6,0,0,0,0,0,0,0,0,0,0,0,0,107Y
144664,144663,,縣立信義國小,[961]臺東縣成功鎮信義里都歷路58號,283911.528,2547295.736,[14]臺東縣,成功鎮,平,60,51,50,0,0,1,0,0,0,0,0,0,0,0,0,0,0,0,0,107Y
144665,144664,,縣立三仙國小,[961]臺東縣成功鎮三仙里基翬路八鄰16號,290329,2557660.009,[14]臺東縣,成功鎮,平,48,43,43,0,0,0,0,0,0,0,0,0,0,0,0,0,0,0,0,107Y
144667,144665,,縣立忠孝國小,[961]臺東縣成功鎮忠孝里成廣路8號,290909.639,2561711.097,[14]臺東縣,成功鎮,平,43,33,32,0,0,0,0,0,0,0,0,0,0,1,0,0,0,0,0,107Y
144669,144667,,縣立長濱國小,[962]臺東縣長濱鄉長濱村五鄰11號,295326.476,2578254.625,[14]臺東縣,長濱鄉,平,92,51,49,1,0,0,0,0,0,0,0,0,1,0,0,0,0,0,0,107Y
144671,144669,,縣立寧埔國小,[962]臺東縣長濱鄉寧埔村十鄰41號,292535.253,2569162.037,[14]臺東縣,長濱鄉,平,45,41,36,1,2,0,0,0,0,0,0,0,0,2,0,0,0,0,0,107Y
144672,144671,,縣立竹湖國小,[962]臺東縣長濱鄉竹湖村十鄰14號,293838.636,2575984.286,[14]臺東縣,長濱鄉,平,30,18,18,0,0,0,0,0,0,0,0,0,0,0,0,0,0,0,0,107Y
144673,144672,,縣立三間國小,[962]臺東縣長濱鄉三間村七鄰16號,297218.995,2582159.392,[14]臺東縣,長濱鄉,平,37,20,19,0,1,0,0,0,0,0,0,0,0,0,0,0,0,0,0,107Y
144674,144673,,縣立樟原國小,[962]臺東縣長濱鄉樟原村一鄰7號,298269.658,2590386.376,[14]臺東縣,長濱鄉,平,21,21,16,0,0,3,0,0,0,0,0,0,2,0,0,0,0,0,0,107Y
144676,144674,,縣立嘉蘭國小,[964]台東縣金峰鄉嘉蘭村3鄰132號,246029.22,2499451.45,[14]臺東縣,金峰鄉,山,65,65,5,1,52,0,0,0,6,0,0,0,0,1,0,0,0,0,0,107Y
144677,144676,,縣立介達國小,[964]臺東縣金峰鄉正興村105號,249656.209,2500490.773,[14]臺東縣,金峰鄉,山,57,57,7,0,45,0,1,0,4,0,0,0,0,0,0,0,0,0,0,107Y
144678,144677,,縣立新興國小,[964]臺東縣金峰鄉新興村一鄰1號,250317.72,2503496.371,[14]臺東縣,金峰鄉,山,59,58,2,0,53,2,0,0,1,0,0,0,0,0,0,0,0,0,0,107Y
144679,144678,,縣立賓茂國小,[964]臺東縣金峰鄉賓茂村68號,245456.57,2492506.997,[14]臺東縣,金峰鄉,山,117,108,10,1,95,2,0,0,0,0,0,0,0,0,0,0,0,0,0,107Y
144680,144679,,縣立安朔國小,[966]臺東縣達仁鄉安朔村八鄰113號,236427.451,2466147.439,[14]臺東縣,達仁鄉,山,66,63,2,1,60,0,0,0,0,0,0,0,0,0,0,0,0,0,0,107Y
144681,144680,,縣立土?國小,[966]臺東縣達仁鄉土?村10號,238423,2483780.008,[14]臺東縣,達仁鄉,山,42,41,2,0,39,0,0,0,0,0,0,0,0,0,0,0,0,0,0,107Y
144683,144681,,縣立臺?國小,[966]臺東縣達仁鄉台?村十鄰59號之1,240493,2486420.008,[14]臺東縣,達仁鄉,山,34,31,0,0,31,0,0,0,0,0,0,0,0,0,0,0,0,0,0,107Y
144685,144683,,縣立蘭嶼國小,[952]臺東縣蘭嶼鄉紅頭村1之1號,306171.487,2436640.557,[14]臺東縣,蘭嶼鄉,山,26,24,0,0,0,0,0,0,0,0,24,0,0,0,0,0,0,0,0,107Y
144686,144685,,縣立椰油國小,[952]臺東縣蘭嶼鄉椰油村忠孝街1號,303381,2438640.008,[14]臺東縣,蘭嶼鄉,山,70,69,0,0,0,0,0,0,0,0,69,0,0,0,0,0,0,0,0,107Y
144687,144686,,縣立東清國小,[952]臺東縣蘭嶼鄉東清村1號,308283.249,2439959.393,[14]臺東縣,蘭嶼鄉,山,43,43,0,0,0,0,0,0,0,0,43,0,0,0,0,0,0,0,0,107Y
144688,144687,,縣立朗島國小,[952]臺東縣蘭嶼鄉朗島村17號,304530.924,2442467.415,[14]臺東縣,蘭嶼鄉,山,31,30,0,0,1,0,0,0,0,0,29,0,0,0,0,0,0,0,0,107Y
144689,144688,,縣立桃源國小,[953]臺東縣延平鄉桃源村昇平路84號,258585.304,2533529.407,[14]臺東縣,延平鄉,山,81,76,1,0,4,70,0,0,1,0,0,0,0,0,0,0,0,0,0,107Y
144690,144689,,縣立武陵國小,[953]臺東縣延平鄉武陵村一鄰明野路16號,261929.106,2540951.814,[14]臺東縣,延平鄉,山,68,68,2,0,4,61,0,0,0,0,1,0,0,0,0,0,0,0,0,107Y
144692,144690,,縣立鸞山國小,[953]臺東縣延平鄉鸞山村一鄰14號,265356,2533000.008,[14]臺東縣,延平鄉,山,32,29,0,0,0,29,0,0,0,0,0,0,0,0,0,0,0,0,0,107Y
144693,144692,,縣立紅葉國小,[953]臺東縣延平鄉紅葉村紅谷路1號,256530.408,2532491.057,[14]臺東縣,延平鄉,山,51,49,15,1,1,26,5,1,0,0,0,0,0,0,0,0,0,0,0,107Y
144694,144693,,縣立海端國小,[957]臺東縣海端鄉海端村山界路36號,268047,2555530.009,[14]臺東縣,海端鄉,山,47,41,6,0,0,35,0,0,0,0,0,0,0,0,0,0,0,0,0,107Y
144695,144694,,縣立初來國小,[957]臺東縣海端鄉海端村七鄰5號,267398.311,2557261.728,[14]臺東縣,海端鄉,山,48,46,0,0,1,43,2,0,0,0,0,0,0,0,0,0,0,0,0,107Y
144696,144695,,縣立崁頂國小,[957]臺東縣海端鄉崁頂村中福21號,265011.388,2549270.117,[14]臺東縣,海端鄉,山,35,34,3,0,2,29,0,0,0,0,0,0,0,0,0,0,0,0,0,107Y
144697,144696,,縣立廣原國小,[957]臺東縣海端鄉廣原村大埔路一鄰1號,271207,2560860.009,[14]臺東縣,海端鄉,山,45,42,2,0,2,37,0,0,0,0,0,0,0,1,0,0,0,0,0,107Y
144698,144697,,縣立錦屏國小,[957]臺東縣海端鄉廣原村錦屏1號,268040.005,2558933.77,[14]臺東縣,海端鄉,山,43,43,4,0,0,39,0,0,0,0,0,0,0,0,0,0,0,0,0,107Y
144700,144698,,縣立加拿國小,[957]臺東縣海端鄉加拿村加南5號,263389.925,2544407.247,[14]臺東縣,海端鄉,山,35,35,2,0,4,29,0,0,0,0,0,0,0,0,0,0,0,0,0,107Y
144701,144700,,縣立東海國小,[950]臺東縣臺東市長沙街329號,264407.009,2516891.561,[14]臺東縣,臺東市,平,689,94,44,2,25,11,7,0,1,0,2,0,0,2,0,0,0,0,0,107Y
144702,144701,,縣立霧鹿國小,[957]臺東縣海端鄉霧鹿村12號,254255.943,2563033.265,[14]臺東縣,海端鄉,山,51,50,2,0,0,46,0,0,1,0,0,0,0,1,0,0,0,0,0,107Y
144703,144702,,縣立興隆國小,[959]臺東縣東河鄉興昌村155號,275487,2532700.008,[14]臺東縣,東河鄉,平,50,21,19,1,0,0,1,0,0,0,0,0,0,0,0,0,0,0,0,107Y
150601,144703,,國立東華大學附設實小,[970]花蓮縣花蓮市永安街100號,313346.441,2654168.374,[15]花蓮縣,花蓮市,平,850,94,50,3,4,5,1,0,0,1,0,0,1,24,1,4,0,0,0,107Y
151602,150601,,私立海星國小,[970]花蓮縣花蓮市永興路21號,313572.507,2654295.465,[15]花蓮縣,花蓮市,平,521,58,24,2,4,5,0,0,0,0,0,0,0,21,0,2,0,0,0,107Y
154601,151602,,縣立明禮國小,[970]花蓮縣花蓮市明禮路6號,312129.472,2652945.465,[15]花蓮縣,花蓮市,平,185,50,35,1,0,1,0,0,1,0,0,0,0,12,0,0,0,0,0,107Y
154602,154601,,縣立明義國小,[970]花蓮縣花蓮市明義街107號,311350.648,2652825.71,[15]花蓮縣,花蓮市,平,1426,142,90,1,5,5,5,0,0,0,0,0,0,33,2,1,0,0,0,107Y
154603,154602,,縣立明廉國小,[970]花蓮縣花蓮市中山路903號,310510.667,2654597.873,[15]花蓮縣,花蓮市,平,489,158,92,7,2,12,0,0,0,3,0,0,3,33,6,0,0,0,0,107Y
154604,154603,,縣立明恥國小,[970]花蓮縣花蓮市中興路41號,314204.087,2654262.057,[15]花蓮縣,花蓮市,平,239,111,57,9,0,10,2,0,0,0,0,0,1,29,0,3,0,0,0,107Y
154605,154604,,縣立中正國小,[970]花蓮縣花蓮市中正路210號,311029.635,2652017.583,[15]花蓮縣,花蓮市,平,968,169,114,3,3,10,0,0,0,0,0,0,9,29,0,1,0,0,0,107Y
154606,154605,,縣立信義國小,[970]花蓮縣花蓮市主計里信義街1號,311693,2651960.009,[15]花蓮縣,花蓮市,平,75,31,18,1,0,0,0,0,0,0,0,0,3,9,0,0,0,0,0,107Y
154607,154606,,縣立復興國小,[970]花蓮縣花蓮市府前路682號,313006.336,2655905.063,[15]花蓮縣,花蓮市,平,120,66,41,4,0,2,2,0,0,0,0,0,0,16,0,1,0,0,0,107Y
154608,154607,,縣立中華國小,[970]花蓮縣花蓮市國盛二街22號,311766.258,2654266.179,[15]花蓮縣,花蓮市,平,287,112,66,8,1,6,0,0,0,0,0,0,2,29,0,0,0,0,0,107Y
154610,154608,,縣立忠孝國小,[970]花蓮縣花蓮市中華路298號,310918.692,2652455.626,[15]花蓮縣,花蓮市,平,446,93,67,6,2,5,1,0,0,0,0,0,0,12,0,0,0,0,0,107Y
154611,154610,,縣立北濱國小,[970]花蓮縣花蓮市北濱街113號,312708.12,2652711.915,[15]花蓮縣,花蓮市,平,119,17,12,1,1,1,0,0,0,0,0,0,2,0,0,0,0,0,0,107Y
154612,154611,,縣立鑄強國小,[970]花蓮縣花蓮市永興路20號,313647.491,2654368.716,[15]花蓮縣,花蓮市,平,513,165,90,5,7,14,2,0,0,5,0,0,0,38,4,0,0,0,0,107Y
154613,154612,,縣立國福國小,[970]花蓮縣花蓮市福光街277巷1號,309037.095,2656151.565,[15]花蓮縣,花蓮市,平,28,17,13,0,0,0,0,0,0,0,0,0,0,0,4,0,0,0,0,107Y
154614,154613,,縣立新城國小,[971]花蓮縣新城鄉新城村博愛路30號,316217.868,2669345.603,[15]花蓮縣,新城鄉,平,229,177,20,9,0,4,1,0,0,0,0,0,3,140,0,0,0,0,0,107Y
154615,154614,,縣立北埔國小,[971]花蓮縣新城鄉北埔路170號,311579,2658710.009,[15]花蓮縣,新城鄉,平,408,261,134,11,1,16,1,0,1,1,0,0,0,91,5,0,0,0,0,107Y
154616,154615,,縣立康樂國小,[971]花蓮縣新城鄉康樂村康樂一街38號,311811.936,2660971.372,[15]花蓮縣,新城鄉,平,71,47,21,3,0,0,1,0,0,0,0,0,0,22,0,0,0,0,0,107Y
154617,154616,,縣立嘉里國小,[971]花蓮縣新城鄉嘉里村嘉里三街28號,311973,2656780.009,[15]花蓮縣,新城鄉,平,73,44,24,3,0,4,1,0,0,0,0,0,1,11,0,0,0,0,0,107Y
154618,154617,,縣立吉安國小,[973]花蓮縣吉安鄉吉安路二段97號,307273.612,2652193.274,[15]花蓮縣,吉安鄉,平,222,94,40,3,2,13,1,0,0,0,0,0,2,33,0,0,0,0,0,107Y
154619,154618,,縣立宜昌國小,[973]花蓮縣吉安鄉宜昌一街45號,309585.198,2651943.701,[15]花蓮縣,吉安鄉,平,820,304,228,8,6,16,5,0,0,0,0,0,2,36,0,1,2,0,0,107Y
154620,154619,,縣立北昌國小,[973]花蓮縣吉安鄉北昌村自強路533號,310246.41,2653721.37,[15]花蓮縣,吉安鄉,平,790,112,70,6,2,11,0,0,0,1,0,0,0,21,1,0,0,0,0,107Y
154621,154620,,縣立稻香國小,[973]花蓮縣吉安鄉稻香村稻香路99號,307923.421,2651067.942,[15]花蓮縣,吉安鄉,平,267,74,39,2,0,12,5,0,0,0,0,0,1,15,0,0,0,0,0,107Y
154622,154621,,縣立光華國小,[973]花蓮縣吉安鄉光華村光華二街180號,308952.997,2647994.299,[15]花蓮縣,吉安鄉,平,73,42,26,0,0,8,0,0,0,0,0,0,0,8,0,0,0,0,0,107Y
154623,154622,,縣立南華國小,[973]花蓮縣吉安鄉干城村吉安路6段60號,305724.968,2649417.773,[15]花蓮縣,吉安鄉,平,81,41,24,1,2,0,0,0,0,0,0,0,0,14,0,0,0,0,0,107Y
154624,154623,,縣立化仁國小,[973]花蓮縣吉安鄉東里十一街83號,310646.844,2651026.25,[15]花蓮縣,吉安鄉,平,222,143,117,4,1,6,0,0,0,1,0,0,1,13,0,0,0,0,0,107Y
154625,154624,,縣立太昌國小,[973]花蓮縣吉安鄉太昌村明義五街1號,307499.138,2654604.794,[15]花蓮縣,吉安鄉,平,317,131,74,0,0,7,3,0,1,0,0,0,0,44,0,2,0,0,0,107Y
154626,154625,,縣立壽豐國小,[974]花蓮縣壽豐鄉壽豐村壽山路37號,301731.818,2640759.589,[15]花蓮縣,壽豐鄉,平,133,68,59,1,0,2,0,0,0,0,0,0,0,6,0,0,0,0,0,107Y
154627,154626,,縣立豐山國小,[974]花蓮縣壽豐鄉豐山村中山路41號,300093.749,2638101.739,[15]花蓮縣,壽豐鄉,平,75,20,14,0,0,4,0,0,0,1,0,0,0,1,0,0,0,0,0,107Y
154628,154627,,縣立豐裡國小,[974]花蓮縣壽豐鄉豐裡村中山路299號,301730.021,2637570.066,[15]花蓮縣,壽豐鄉,平,78,32,32,0,0,0,0,0,0,0,0,0,0,0,0,0,0,0,0,107Y
154629,154628,,縣立志學國小,[974]花蓮縣壽豐鄉志學村中正路120巷10號,304151.52,2644601.555,[15]花蓮縣,壽豐鄉,平,127,36,21,4,0,3,0,2,0,0,0,0,1,5,0,0,0,0,0,107Y
154630,154629,,縣立平和國小,[974]花蓮縣壽豐鄉平和路34號,302889.103,2642280.377,[15]花蓮縣,壽豐鄉,平,39,13,10,2,0,0,0,0,0,0,0,0,0,1,0,0,0,0,0,107Y
154631,154630,,縣立溪口國小,[974]花蓮縣壽豐鄉溪口村溪口路87號,298245.934,2635119.893,[15]花蓮縣,壽豐鄉,平,27,18,15,3,0,0,0,0,0,0,0,0,0,0,0,0,0,0,0,107Y
154632,154631,,縣立月眉國小,[974]花蓮縣壽豐鄉月眉村月眉三段24號,306683,2640560.009,[15]花蓮縣,壽豐鄉,平,29,24,22,1,0,0,0,0,0,0,0,0,0,1,0,0,0,0,0,107Y
154633,154632,,縣立水璉國小,[974]花蓮縣壽豐鄉水璉村水璉二街20號,307438.825,2631100.468,[15]花蓮縣,壽豐鄉,平,30,21,20,0,0,0,0,0,0,0,0,0,0,1,0,0,0,0,0,107Y
154634,154633,,縣立鳳林國小,[975]花蓮縣鳳林鎮中正路二段1號,295586.922,2626626.947,[15]花蓮縣,鳳林鎮,平,176,59,29,3,0,5,2,0,0,0,0,0,0,20,0,0,0,0,0,107Y
154636,154634,,縣立大榮國小,[975]花蓮縣鳳林鎮大榮里復興路85號,297742.997,2627879.953,[15]花蓮縣,鳳林鎮,平,38,22,12,1,0,7,0,0,0,0,0,0,0,2,0,0,0,0,0,107Y
154637,154636,,縣立鳳仁國小,[975]花蓮縣鳳林鎮鳳仁里光復路94號,296057.799,2627545.529,[15]花蓮縣,鳳林鎮,平,74,11,4,0,0,1,0,0,0,0,0,0,1,5,0,0,0,0,0,107Y
154638,154637,,縣立北林國小,[975]花蓮縣鳳林鎮北林里平園路32號,297726.143,2629803.379,[15]花蓮縣,鳳林鎮,平,20,8,2,1,0,0,0,0,0,0,0,0,0,5,0,0,0,0,0,107Y
154640,154638,,縣立長橋國小,[975]花蓮縣鳳林鎮長橋里長橋路2號,292837.749,2622909.632,[15]花蓮縣,鳳林鎮,平,37,22,5,0,1,0,0,0,0,0,0,0,1,15,0,0,0,0,0,107Y
154642,154640,,縣立林榮國小,[975]花蓮縣鳳林鎮林榮里永安街2號,296144.276,2633084.334,[15]花蓮縣,鳳林鎮,平,22,12,2,0,0,0,0,0,0,0,0,0,0,10,0,0,0,0,0,107Y
154643,154642,,縣立光復國小,[976]花蓮縣光復鄉大馬村中山路三段75號,293553.225,2618952.943,[15]花蓮縣,光復鄉,平,144,103,90,2,1,0,1,1,0,0,0,0,3,5,0,0,0,0,0,107Y
154644,154643,,縣立太巴塱國小,[976]花蓮縣光復鄉中正路二段23號,295739.957,2617451.868,[15]花蓮縣,光復鄉,平,100,90,89,1,0,0,0,0,0,0,0,0,0,0,0,0,0,0,0,107Y
154648,154644,,縣立大進國小,[976]花蓮縣光復鄉大進村糖廠街4號,292771.955,2616866.065,[15]花蓮縣,光復鄉,平,111,46,41,1,0,1,0,0,0,0,0,0,0,2,0,1,0,0,0,107Y
154649,154648,,縣立瑞穗國小,[978]花蓮縣瑞穗鄉溫泉路一段19號,288178.496,2599375.916,[15]花蓮縣,瑞穗鄉,平,237,107,64,4,1,11,0,1,1,0,0,0,0,22,3,0,0,0,0,107Y
154650,154649,,縣立瑞北國小,[978]花蓮縣瑞穗鄉中正北路二段35號,288663.395,2602556.246,[15]花蓮縣,瑞穗鄉,平,56,51,12,0,1,36,0,0,0,0,0,0,0,2,0,0,0,0,0,107Y
154651,154650,,縣立瑞美國小,[978]花蓮縣瑞穗鄉中山路二段389號,289993.917,2598943.632,[15]花蓮縣,瑞穗鄉,平,45,22,21,1,0,0,0,0,0,0,0,0,0,0,0,0,0,0,0,107Y
154652,154651,,縣立鶴岡國小,[978]花蓮縣瑞穗鄉鶴岡村167號,289863,2602240.009,[15]花蓮縣,瑞穗鄉,平,16,14,14,0,0,0,0,0,0,0,0,0,0,0,0,0,0,0,0,107Y
154653,154652,,縣立舞鶴國小,[978]花蓮縣瑞穗鄉舞鶴村64號,285994,2595140.009,[15]花蓮縣,瑞穗鄉,平,29,23,16,0,0,3,0,0,0,0,0,0,0,0,4,0,0,0,0,107Y
154654,154653,,縣立富源國小,[978]花蓮縣瑞穗鄉富源村30號,288334.915,2608407.96,[15]花蓮縣,瑞穗鄉,平,78,59,51,1,0,4,0,0,0,0,0,0,0,3,0,0,0,0,0,107Y
154655,154654,,縣立豐濱國小,[977]花蓮縣豐濱鄉豐濱村民族街5號,303180.717,2610665.064,[15]花蓮縣,豐濱鄉,平,48,37,33,0,0,0,0,0,0,0,0,0,3,1,0,0,0,0,0,107Y
154656,154655,,縣立港口國小,[977]花蓮縣豐濱鄉港口村43號,301931.362,2597750.027,[15]花蓮縣,豐濱鄉,平,14,14,14,0,0,0,0,0,0,0,0,0,0,0,0,0,0,0,0,107Y
154657,154656,,縣立靜浦國小,[977]花蓮縣豐濱鄉靜浦村64號,300619.89,2595481.75,[15]花蓮縣,豐濱鄉,平,14,13,13,0,0,0,0,0,0,0,0,0,0,0,0,0,0,0,0,107Y
154658,154657,,縣立新社國小,[977]花蓮縣豐濱鄉新社村150號,304665.578,2616578.913,[15]花蓮縣,豐濱鄉,平,26,24,7,0,0,4,0,0,1,0,0,0,11,1,0,0,0,0,0,107Y
154660,154658,,縣立玉里國小,[981]花蓮縣玉里鎮忠智路43號,282636.006,2580695.192,[15]花蓮縣,玉里鎮,平,284,78,40,1,3,25,1,0,0,0,0,0,0,7,0,1,0,0,0,107Y
154661,154660,,縣立中城國小,[981]花蓮縣玉里鎮中山路一段1號,282466.019,2580297.381,[15]花蓮縣,玉里鎮,平,327,99,43,2,3,44,0,0,0,0,0,0,0,5,0,2,0,0,0,107Y
154662,154661,,縣立源城國小,[981]花蓮縣玉里鎮源城里水源62號,280655,2579930.009,[15]花蓮縣,玉里鎮,平,43,13,10,0,1,1,0,0,1,0,0,0,0,0,0,0,0,0,0,107Y
154663,154662,,縣立樂合國小,[981]花蓮縣玉里鎮樂合里新民41號,284696.941,2579911.868,[15]花蓮縣,玉里鎮,平,34,30,30,0,0,0,0,0,0,0,0,0,0,0,0,0,0,0,0,107Y
154664,154663,,縣立觀音國小,[981]花蓮縣玉里鎮觀音里16鄰9號,286509.077,2588021.486,[15]花蓮縣,玉里鎮,平,16,12,8,0,0,4,0,0,0,0,0,0,0,0,0,0,0,0,0,107Y
154665,154664,,縣立高寮國小,[981]花蓮縣玉里鎮高寮92號,286702.755,2586727.304,[15]花蓮縣,玉里鎮,平,46,30,27,1,0,1,1,0,0,0,0,0,0,0,0,0,0,0,0,107Y
154666,154665,,縣立松浦國小,[981]花蓮縣玉里鎮松浦里12鄰212號,288164.455,2591799.238,[15]花蓮縣,玉里鎮,平,54,45,44,1,0,0,0,0,0,0,0,0,0,0,0,0,0,0,0,107Y
154667,154666,,縣立春日國小,[981]花蓮縣玉里鎮春日里泰林95號,290154.671,2594397.226,[15]花蓮縣,玉里鎮,平,39,31,29,1,0,1,0,0,0,0,0,0,0,0,0,0,0,0,0,107Y
154668,154667,,縣立德武國小,[981]花蓮縣玉里鎮德武里9鄰171號,291432.061,2595930.937,[15]花蓮縣,玉里鎮,平,27,27,27,0,0,0,0,0,0,0,0,0,0,0,0,0,0,0,0,107Y
154669,154668,,縣立三民國小,[981]花蓮縣玉里鎮三民里118號,285606.364,2591929.022,[15]花蓮縣,玉里鎮,平,37,4,3,0,0,1,0,0,0,0,0,0,0,0,0,0,0,0,0,107Y
154670,154669,,縣立大禹國小,[981]花蓮縣玉里鎮中禹里225號,283612,2586390.009,[15]花蓮縣,玉里鎮,平,42,20,7,0,0,9,2,0,0,0,0,0,0,2,0,0,0,0,0,107Y
154671,154670,,縣立長良國小,[981]花蓮縣玉里鎮長良里163號,279356.48,2575823.335,[15]花蓮縣,玉里鎮,平,31,24,9,0,0,14,0,0,0,0,0,0,0,1,0,0,0,0,0,107Y
154672,154671,,縣立富里國小,[983]花蓮縣富里鄉富里村永安街52號,275437.109,2563371.885,[15]花蓮縣,富里鄉,平,108,20,10,0,0,9,0,0,0,0,0,0,0,1,0,0,0,0,0,107Y
154674,154672,,縣立東里國小,[983]花蓮縣富里鄉東里村道化路74號,281000.049,2573713.538,[15]花蓮縣,富里鄉,平,49,15,8,0,0,3,2,0,0,0,0,0,1,0,0,1,0,0,0,107Y
154675,154674,,縣立明里國小,[983]花蓮縣富里鄉明里村1鄰16號,275458.845,2566601.503,[15]花蓮縣,富里鄉,平,33,18,11,0,0,6,0,0,0,0,0,0,0,1,0,0,0,0,0,107Y
154676,154675,,縣立吳江國小,[983]花蓮縣富里鄉吳江村6鄰52號,283002.9,2575179.1,[15]花蓮縣,富里鄉,平,24,13,9,0,0,4,0,0,0,0,0,0,0,0,0,0,0,0,0,107Y
154677,154676,,縣立學田國小,[983]花蓮縣富里鄉學田村光明路1號,273258.485,2561514.688,[15]花蓮縣,富里鄉,平,34,15,12,0,0,3,0,0,0,0,0,0,0,0,0,0,0,0,0,107Y
154678,154677,,縣立永豐國小,[983]花蓮縣富里鄉豐南村永豐84號,277300.006,2561447.706,[15]花蓮縣,富里鄉,平,27,21,21,0,0,0,0,0,0,0,0,0,0,0,0,0,0,0,0,107Y
154679,154678,,縣立萬寧國小,[983]花蓮縣富里鄉萬寧村鎮寧108號,280442.85,2572440.62,[15]花蓮縣,富里鄉,平,18,4,2,1,0,1,0,0,0,0,0,0,0,0,0,0,0,0,0,107Y
154680,154679,,縣立東竹國小,[983]花蓮縣富里鄉竹田村富田3號,278635.439,2568027.797,[15]花蓮縣,富里鄉,平,61,7,7,0,0,0,0,0,0,0,0,0,0,0,0,0,0,0,0,107Y
154681,154680,,縣立秀林國小,[972]花蓮縣秀林鄉秀林村秀林路76號,313472.972,2668233.599,[15]花蓮縣,秀林鄉,山,79,78,6,5,0,1,0,0,0,0,0,0,0,66,0,0,0,0,0,107Y
154682,154681,,縣立富世國小,[972]花蓮縣秀林鄉富世村127號,313977.009,2671487.709,[15]花蓮縣,秀林鄉,山,68,68,2,2,0,0,0,0,0,0,0,0,0,64,0,0,0,0,0,107Y
154683,154682,,縣立崇德國小,[972]花蓮縣秀林鄉崇德村72號,316495.437,2673913.389,[15]花蓮縣,秀林鄉,山,69,69,0,0,0,0,0,0,0,0,0,0,0,69,0,0,0,0,0,107Y
154684,154683,,縣立和平國小,[972]花蓮縣秀林鄉和平村112號,325978.334,2689313.182,[15]花蓮縣,秀林鄉,山,86,72,3,6,0,0,0,0,0,0,0,0,0,63,0,0,0,0,0,107Y
154685,154684,,縣立景美國小,[972]花蓮縣秀林鄉景美村加灣112號,311603.651,2664300.554,[15]花蓮縣,秀林鄉,山,50,50,0,0,0,0,0,0,0,0,0,0,0,50,0,0,0,0,0,107Y
154686,154685,,縣立三棧國小,[972]花蓮縣秀林鄉景美村三棧102號,311653.761,2666542.168,[15]花蓮縣,秀林鄉,山,31,30,0,0,0,0,0,0,0,0,0,0,0,30,0,0,0,0,0,107Y
154687,154686,,縣立佳民國小,[972]花蓮縣秀林鄉佳民村119號,310958.042,2661126.096,[15]花蓮縣,秀林鄉,山,44,44,2,2,0,1,0,0,0,0,0,0,0,39,0,0,0,0,0,107Y
154688,154687,,縣立銅門國小,[972]花蓮縣秀林鄉銅門村69號,300194.537,2651290.819,[15]花蓮縣,秀林鄉,山,61,58,4,7,0,1,0,0,0,0,0,0,0,44,0,2,0,0,0,107Y
154689,154688,,縣立水源國小,[972]花蓮縣秀林鄉水源村111號,306655.658,2655504.017,[15]花蓮縣,秀林鄉,山,89,89,5,3,0,0,0,0,1,0,0,0,0,80,0,0,0,0,0,107Y
154690,154689,,縣立銅蘭國小,[972]花蓮縣秀林鄉文蘭村70號,301076.35,2643186.779,[15]花蓮縣,秀林鄉,山,47,44,2,3,1,3,0,0,0,0,0,0,0,35,0,0,0,0,0,107Y
154691,154690,,縣立文蘭國小,[972]花蓮縣秀林鄉文蘭村米亞丸1號,301064.063,2646503.25,[15]花蓮縣,秀林鄉,山,58,47,16,2,0,1,0,0,0,0,0,0,0,28,0,0,0,0,0,107Y
154692,154691,,縣立萬榮國小,[979]花蓮縣萬榮鄉萬榮村2鄰31號,291908,2623580.009,[15]花蓮縣,萬榮鄉,山,54,52,1,0,0,0,0,0,0,0,0,0,0,51,0,0,0,0,0,107Y
154693,154692,,縣立明利國小,[979]花蓮縣萬榮鄉明利村35號,292049.32,2622485.8,[15]花蓮縣,萬榮鄉,山,46,46,0,0,0,0,0,0,0,0,0,0,0,46,0,0,0,0,0,107Y
154694,154693,,縣立見晴國小,[979]花蓮縣萬榮鄉見晴村89號,296053,2631140.009,[15]花蓮縣,萬榮鄉,山,44,43,2,0,0,1,2,0,0,0,0,0,0,37,0,0,0,0,1,107Y
154695,154694,,縣立馬遠國小,[979]花蓮縣萬榮鄉馬遠村39號,286926,2608200.009,[15]花蓮縣,萬榮鄉,山,38,38,2,0,0,36,0,0,0,0,0,0,0,0,0,0,0,0,0,107Y
154696,154695,,縣立西林國小,[979]花蓮縣萬榮鄉西林村8鄰114號,294934,2634210.009,[15]花蓮縣,萬榮鄉,山,74,73,1,0,2,0,1,0,0,0,0,0,0,69,0,0,0,0,0,107Y
154697,154696,,縣立紅葉國小,[979]花蓮縣萬榮鄉紅葉村1鄰4號,285282.406,2599099.045,[15]花蓮縣,萬榮鄉,山,52,52,1,0,0,5,0,0,0,0,0,0,0,46,0,0,0,0,0,107Y
154698,154697,,縣立卓溪國小,[982]花蓮縣卓溪鄉卓溪村中正路72號,280998,2582570.009,[15]花蓮縣,卓溪鄉,山,41,41,3,0,2,34,0,0,0,0,0,0,0,1,0,1,0,0,0,107Y
154699,154698,,縣立崙山國小,[982]花蓮縣卓溪鄉崙山村1鄰12號,285176.706,2592951.685,[15]花蓮縣,卓溪鄉,山,47,47,1,0,0,32,0,0,0,0,0,0,0,4,0,10,0,0,0,107Y
154700,154699,,縣立立山國小,[982]花蓮縣卓溪鄉立山村9鄰90號,282769.615,2592046.718,[15]花蓮縣,卓溪鄉,山,44,43,0,0,0,5,0,0,0,0,0,0,0,20,0,18,0,0,0,107Y
154701,154700,,縣立太平國小,[982]花蓮縣卓溪鄉太平村1鄰2號,282755.869,2589281.136,[15]花蓮縣,卓溪鄉,山,41,41,1,0,1,39,0,0,0,0,0,0,0,0,0,0,0,0,0,107Y
154702,154701,,縣立卓清國小,[982]花蓮縣卓溪鄉卓清村清水6號,277910.581,2575127.998,[15]花蓮縣,卓溪鄉,山,24,24,0,0,0,24,0,0,0,0,0,0,0,0,0,0,0,0,0,107Y
154703,154702,,縣立卓樂國小,[982]花蓮縣卓溪鄉卓清村卓樂86號,277352.626,2577076.672,[15]花蓮縣,卓溪鄉,山,40,40,3,1,0,34,0,0,0,0,0,0,0,2,0,0,0,0,0,107Y
154704,154703,,縣立古風國小,[982]花蓮縣卓溪鄉古風村崙天18號,277077.821,2568586.004,[15]花蓮縣,卓溪鄉,山,46,46,1,0,1,44,0,0,0,0,0,0,0,0,0,0,0,0,0,107Y
154705,154704,,縣立奇美國小,[978]花蓮縣瑞穗鄉奇美村47號,295538.109,2599448.05,[15]花蓮縣,瑞穗鄉,平,9,8,7,0,0,1,0,0,0,0,0,0,0,0,0,0,0,0,0,107Y
154706,154705,,縣立卓楓國小,[982]花蓮縣卓溪鄉古風村十二鄰古楓6號,277832.585,2571303.13,[15]花蓮縣,卓溪鄉,山,19,19,0,0,0,19,0,0,0,0,0,0,0,0,0,0,0,0,0,107Y
154707,154706,,縣立西富國小,[976]花蓮縣光復鄉西富村民有街51巷3號,293871,2614860.009,[15]花蓮縣,光復鄉,平,29,17,17,0,0,0,0,0,0,0,0,0,0,0,0,0,0,0,0,107Y
154708,154707,,縣立大興國小,[976]花蓮縣光復鄉大興村民權街17號,290623.603,2614362.307,[15]花蓮縣,光復鄉,平,36,24,22,0,0,2,0,0,0,0,0,0,0,0,0,0,0,0,0,107Y
154710,154708,,縣立西寶國小,[972]花蓮縣秀林鄉富世村西寶11號,299021.102,2678006.093,[15]花蓮縣,秀林鄉,山,38,20,4,0,1,2,0,0,0,0,0,0,0,13,0,0,0,0,0,107Y
154711,154710,,縣立中原國小,[970]花蓮縣花蓮市中原路531號,310697.579,2652024.363,[15]花蓮縣,花蓮市,平,398,74,66,1,0,2,0,0,0,0,0,0,0,5,0,0,0,0,0,107Y
,154711,,,,,,,,,,,,,,,,,,,,,,,,,,,,
