ID,NAME,ADDR,X,Y,,CO_NAME,,TO_NAME,,MF,STU_CNT,AB_STU_CNT,,AB1_STU_CNT,AB2_STU_CNT,AB3_STU_CNT,AB4_STU_CNT,AB5_STU_CNT,AB6_STU_CNT,AB7_STU_CNT,AB8_STU_CNT,AB9_STU_CNT,AB10_STU_CNT,AB11_STU_CNT,AB12_STU_CNT,AB13_STU_CNT,AB14_STU_CNT,AB15_STU_CNT,AB16_STU_CNT,AB17_STU_CNT,INFO_TIME
識別碼,名稱,地址,X坐標,Y坐標,TW97經緯度,縣市名稱,縣市統計,鄉鎮市區名稱,鄉鎮,原住民族部落國小山地別,原住民族部落國小學生總數,原住民族部落國小原住民學生數,原住民族學生比例,原住民族部落國小阿美族學生數,原住民族部落國小泰雅族學生數,原住民族部落國小排灣族學生數,原住民族部落國小布農族學生數,原住民族部落國小卑南族學生數,原住民族部落國小鄒_曹_族學生數,原住民族部落國小魯凱族學生數,原住民族部落國小賽夏族學生數,原住民族部落國小雅美族學生數,原住民族部落國小邵族學生數,原住民族部落國小噶瑪蘭族學生數,原住民族部落國小太魯閣族學生數,原住民族部落國小撒奇萊雅學生數,原住民族部落國小賽德克族學生數,原住民族部落國小拉阿魯哇族學生數,原住民族部落國小卡那卡那富族學生數,原住民族部落國小其他族學生數,資料時間
14684,市立烏來國(中)小,[233]新北市烏來區啦卡路5號,306005.822,2750721.396,"24.863038,121.554224",[01]新北市,2,烏來區,2,山,76,69,90.79%,1,63,0,3,0,0,0,0,0,0,0,2,0,0,0,0,0,110Y
14685,市立德拉楠民族實驗小學,[233]新北市烏來區福山里李茂岸56號,300761.112,2741206.277,"24.777316,121.501979",[01]新北市,2,烏來區,2,山,20,16,80.00%,1,13,0,2,0,0,0,0,0,0,0,0,0,0,0,0,0,110Y
104727,縣立達邦國小,[605]嘉義縣阿里山鄉達邦村一鄰1號,224394.46,2594491.49,"23.453204,120.749376",[10]嘉義縣,7,阿里山鄉,7,山,60,57,95.00%,1,0,0,0,0,56,0,0,0,0,0,0,0,0,0,0,0,110Y
104729,縣立十字國小,[605]嘉義縣阿里山鄉十字村16號,224876.37,2598840.66,"23.492485,120.75402",[10]嘉義縣,7,阿里山鄉,7,山,11,4,36.36%,0,0,0,0,0,4,0,0,0,0,0,0,0,0,0,0,0,110Y
104730,縣立來吉國小,[605]嘉義縣阿里山鄉來吉村四鄰91號,223452.58,2602965.85,"23.529713,120.740007",[10]嘉義縣,7,阿里山鄉,7,山,11,10,90.91%,0,0,0,0,0,10,0,0,0,0,0,0,0,0,0,0,0,110Y
104732,縣立山美國小,[605]嘉義縣阿里山鄉山美村61號,216162.25,2586748.97,"23.383138,120.668975",[10]嘉義縣,7,阿里山鄉,7,山,25,23,92.00%,0,0,0,5,0,18,0,0,0,0,0,0,0,0,0,0,0,110Y
104733,縣立新美國小,[605]嘉義縣阿里山鄉新美村四鄰78號,217620.16,2581717.57,"23.337733,120.683345",[10]嘉義縣,7,阿里山鄉,7,山,26,22,84.62%,1,0,1,1,0,19,0,0,0,0,0,0,0,0,0,0,0,110Y
104734,縣立阿里山國(中)小,[605]嘉義縣阿里山鄉樂野村一鄰31號,219496.18,2596198.28,"23.468532,120.701398",[10]嘉義縣,7,阿里山鄉,7,山,73,48,65.75%,0,3,0,0,0,45,0,0,0,0,0,0,0,0,0,0,0,110Y
104737,縣立茶山國小,[605]嘉義縣阿里山鄉茶山村三鄰74號,215913.57,2577581.19,"23.300346,120.666749",[10]嘉義縣,7,阿里山鄉,7,山,18,17,94.44%,1,0,1,3,0,12,0,0,0,0,0,0,0,0,0,0,0,110Y
64729,市立和平區和平國小,[424]臺中市和平區南勢里東關路三段54號,239387.366,2673963.595,"24.170987,120.895552",[06]臺中市,8,和平區,8,山,45,20,44.44%,2,18,0,0,0,0,0,0,0,0,0,0,0,0,0,0,0,110Y
64731,市立白冷國小,[424]臺中市和平區天輪里東關路二路天輪巷42號,242919.227,2675346.768,"24.183496,120.930305",[06]臺中市,8,和平區,8,山,15,5,33.33%,0,5,0,0,0,0,0,0,0,0,0,0,0,0,0,0,0,110Y
64732,市立博屋瑪國小,[424]臺中市和平區達觀里育英巷6號,241960.388,2691340.593,"24.327904,120.920778",[06]臺中市,8,和平區,8,山,57,52,91.23%,2,45,1,1,0,2,0,0,0,0,0,0,0,1,0,0,0,110Y
64733,市立中坑國小,[424]臺中市和平區中坑里中坑巷41號,237809,2681230.01,"24.236586,120.879956",[06]臺中市,8,和平區,8,山,31,2,6.45%,0,2,0,0,0,0,0,0,0,0,0,0,0,0,0,0,0,110Y
64734,市立平等國小,[424]臺中市和平區中興路三段環山3巷35號,279794.994,2690192.064,"24.31727,121.293573",[06]臺中市,8,和平區,8,山,39,27,69.23%,0,26,1,0,0,0,0,0,0,0,0,0,0,0,0,0,0,110Y
64735,市立博愛國小,[424]臺中市和平區博愛里東關路一段松鶴三巷10號,247905.232,2674631.546,"24.177052,120.979383",[06]臺中市,8,和平區,8,山,43,28,65.12%,0,21,0,2,0,1,0,0,0,0,0,0,0,4,0,0,0,110Y
64736,市立自由國小,[424]臺中市和平區自由里東崎路二段49號,240757.544,2687297.112,"24.291388,120.908951",[06]臺中市,8,和平區,8,山,28,22,78.57%,0,17,2,1,0,0,1,1,0,0,0,0,0,0,0,0,0,110Y
64737,市立梨山國(中)小,[424]臺中市和平區梨山里福壽路10號,276368.02,2683391.28,"24.255927,121.259682",[06]臺中市,8,和平區,8,山,97,33,34.02%,13,10,2,6,0,0,0,0,0,1,0,0,0,1,0,0,0,110Y
124731,市立民生國小,[849]高雄市那瑪夏區達卡努瓦里大光巷159號,221494.672,2574910.94,"23.27634,120.721363",[12]高雄市,9,那瑪夏區,2,山,104,104,100.00%,0,1,1,83,0,5,0,0,0,0,0,0,0,0,0,14,0,110Y
124732,市立茂林國小,[851]高雄市茂林區茂林里4之3號,215561,2531690.008,"22.88592,120.664333",[12]高雄市,9,茂林區,2,山,31,27,87.10%,2,0,6,3,0,0,15,0,0,0,0,1,0,0,0,0,0,110Y
124733,市立多納國小,[851]高雄市茂林區多納里1-2號,220914.569,2534391.168,"22.910415,120.716461",[12]高雄市,9,茂林區,2,山,37,36,97.30%,0,0,0,1,0,0,35,0,0,0,0,0,0,0,0,0,0,110Y
124734,市立桃源國小,[848]高雄市桃源區桃源里北進巷五十號,226015.515,2562072.166,"23.160472,120.765756",[12]高雄市,9,桃源區,5,山,68,66,97.06%,0,1,3,59,0,0,1,0,0,0,0,0,0,0,2,0,0,110Y
124735,市立建山國小,[848]高雄市桃源區建山里96號,217479,2555960.009,"23.105131,120.682515",[12]高雄市,9,桃源區,5,山,41,39,95.12%,1,1,4,31,0,0,0,0,0,0,0,0,0,0,2,0,0,110Y
124736,市立興中國小,[848]高雄市桃源區高中里興中巷44號,221224.342,2558547.305,"23.128565,120.719029",[12]高雄市,9,桃源區,5,山,47,45,95.74%,0,0,0,37,0,1,0,0,0,0,0,0,0,0,7,0,0,110Y
124737,市立寶山國小,[848]高雄市桃源區寶山里98號,220185,2548260.009,"23.035647,120.709081",[12]高雄市,9,桃源區,5,山,15,15,100.00%,0,0,0,13,0,0,0,0,0,0,0,0,0,0,2,0,0,110Y
124738,市立樟山國小,[848]高雄市桃源區拉芙蘭里南橫公路五段440號,231517.43,2572284.63,"23.252766,120.819366",[12]高雄市,9,桃源區,5,山,30,30,100.00%,0,0,0,30,0,0,0,0,0,0,0,0,0,0,0,0,0,110Y
124755,市立那瑪夏區民權國小,[849]高雄市那瑪夏區瑪雅里平和巷220號,219558.197,2571696.866,"23.247281,120.702499",[12]高雄市,9,那瑪夏區,2,山,130,71,54.62%,1,1,4,42,0,2,0,0,0,0,0,0,0,2,4,15,0,110Y
24668,縣立四季國小,[267]宜蘭縣大同鄉四季村和勳巷1號,293208.3,2709202.88,"24.488603,121.426309",[02]宜蘭縣,11,大同鄉,4,山,93,93,100.00%,0,93,0,0,0,0,0,0,0,0,0,0,0,0,0,0,0,110Y
24669,縣立南山國小,[267]宜蘭縣大同鄉南山村四鄰埤南巷31之3號,288566.91,2703516.02,"24.43738,121.380362",[02]宜蘭縣,11,大同鄉,4,山,56,56,100.00%,0,53,0,0,0,0,0,0,0,0,0,1,0,2,0,0,0,110Y
24670,縣立大同國小,[267]宜蘭縣大同鄉崙埤村10之9號,311622.21,2730300.35,"24.678457,121.608901",[02]宜蘭縣,11,大同鄉,4,山,93,84,90.32%,2,78,1,1,0,0,1,0,0,0,0,1,0,0,0,0,0,110Y
24671,縣立寒溪國小,[267]宜蘭縣大同鄉寒溪村寒溪巷16號,319601.97,2722677.06,"24.609292,121.687369",[02]宜蘭縣,11,大同鄉,4,山,51,51,100.00%,0,51,0,0,0,0,0,0,0,0,0,0,0,0,0,0,0,110Y
24672,縣立南澳國小,[272]宜蘭縣南澳鄉南澳村中正路15號,331157.94,2707011.88,"24.467302,121.800587",[02]宜蘭縣,11,南澳鄉,7,山,66,65,98.48%,0,65,0,0,0,0,0,0,0,0,0,0,0,0,0,0,0,110Y
24673,縣立碧候國小,[272]宜蘭縣南澳鄉碧候村自覺巷38號,329541.851,2707757.695,"24.474119,121.784688",[02]宜蘭縣,11,南澳鄉,7,山,98,95,96.94%,0,93,0,1,0,0,0,0,0,0,0,1,0,0,0,0,0,110Y
24674,縣立武塔國小,[272]宜蘭縣南澳鄉武塔村新溪路1號,328936.23,2704594.18,"24.445589,121.778538",[02]宜蘭縣,11,南澳鄉,7,山,20,18,90.00%,3,15,0,0,0,0,0,0,0,0,0,0,0,0,0,0,0,110Y
24675,縣立澳花國小,[272]宜蘭縣南澳鄉澳花村中央路19號,325053.65,2691693.82,"24.329312,121.739569",[02]宜蘭縣,11,南澳鄉,7,山,67,67,100.00%,0,67,0,0,0,0,0,0,0,0,0,0,0,0,0,0,0,110Y
24676,縣立東澳國小,[272]宜蘭縣南澳鄉東岳村蘇花路三段209號,334404.96,2713040.11,"24.521552,121.832973",[02]宜蘭縣,11,南澳鄉,7,山,49,40,81.63%,0,39,0,0,0,0,0,0,0,0,0,0,0,0,0,1,0,110Y
24677,縣立金岳國小,[272]宜蘭縣南澳鄉金岳村 (路) 二號,328766,2707430.01,"24.4712,121.777017",[02]宜蘭縣,11,南澳鄉,7,山,42,42,100.00%,0,40,0,1,0,0,0,0,0,0,0,0,0,1,0,0,0,110Y
24678,縣立金洋國小,[272]宜蘭縣南澳鄉金洋村11號,325986.44,2702401.02,"24.425935,121.74933",[02]宜蘭縣,11,南澳鄉,7,山,39,39,100.00%,0,37,0,1,0,0,0,0,0,0,0,0,0,1,0,0,0,110Y
34730,市立介壽國小,[336]桃園市復興區澤仁里中正路33號,285477.82,2745408.6,"24.815687,121.350951",[03]桃園市,11,復興區,11,山,72,59,81.94%,3,54,2,0,0,0,0,0,0,0,0,0,0,0,0,0,0,110Y
34731,市立三民國小,[336]桃園市復興區三民里十一鄰57號,282822.27,2745060.77,"24.812606,121.324674",[03]桃園市,11,復興區,11,山,49,31,63.27%,0,31,0,0,0,0,0,0,0,0,0,0,0,0,0,0,0,110Y
34732,市立義盛國小,[336]桃園市復興區義盛里一鄰11號,289426.85,2743238.1,"24.795994,121.389954",[03]桃園市,11,復興區,11,山,39,37,94.87%,0,37,0,0,0,0,0,0,0,0,0,0,0,0,0,0,0,110Y
34733,市立霞雲國小,[336]桃園市復興區霞雲里六鄰14號,288553.66,2746083.88,"24.821709,121.381396",[03]桃園市,11,復興區,11,山,28,27,96.43%,0,26,1,0,0,0,0,0,0,0,0,0,0,0,0,0,0,110Y
34734,市立奎輝國小,[336]桃園市復興區奎輝里三鄰25號,283804.94,2743368.19,"24.797303,121.334354",[03]桃園市,11,復興區,11,山,56,54,96.43%,0,54,0,0,0,0,0,0,0,0,0,0,0,0,0,0,0,110Y
34735,市立光華國小,[336]桃園市復興區華陵里四鄰12號,290979.54,2725653.21,"24.637188,121.404796",[03]桃園市,11,復興區,11,山,17,17,100.00%,0,17,0,0,0,0,0,0,0,0,0,0,0,0,0,0,0,110Y
34736,市立高義國小,[336]桃園市復興區高義里三鄰28號,286473.46,2733938.62,"24.712107,121.360501",[03]桃園市,11,復興區,11,山,26,25,96.15%,0,25,0,0,0,0,0,0,0,0,0,0,0,0,0,0,0,110Y
34737,市立長興國小,[336]桃園市復興區長興里十六鄰頭角43號,281093.2,2743674.26,"24.800124,121.30754",[03]桃園市,11,復興區,11,山,39,39,100.00%,0,38,1,0,0,0,0,0,0,0,0,0,0,0,0,0,0,110Y
34738,市立三光國小,[336]桃園市復興區三光里四鄰8號,285956.36,2728357.93,"24.661734,121.355247",[03]桃園市,11,復興區,11,山,32,32,100.00%,5,27,0,0,0,0,0,0,0,0,0,0,0,0,0,0,0,110Y
34740,市立羅浮國小,[336]桃園市復興區羅浮里三鄰16號,287192.21,2744291.29,"24.805559,121.36788",[03]桃園市,11,復興區,11,山,62,60,96.77%,0,59,0,1,0,0,0,0,0,0,0,0,0,0,0,0,0,110Y
34741,市立巴崚國小,[336]桃園市復興區華陵里九鄰75號,290206.82,2731020.93,"24.685672,121.397317",[03]桃園市,11,復興區,11,山,49,48,97.96%,1,47,0,0,0,0,0,0,0,0,0,0,0,0,0,0,0,110Y
54668,縣立南庄國小,[353]苗栗縣南庄鄉東村文化路3號,249929.67,2721513.64,"24.600358,120.999305",[05]苗栗縣,14,南庄鄉,5,平,130,49,37.69%,1,33,0,0,0,0,0,15,0,0,0,0,0,0,0,0,0,110Y
54669,縣立田美國小,[353]苗栗縣南庄鄉田美村九鄰191號,250858.76,2724723.66,"24.62934,121.008482",[05]苗栗縣,14,南庄鄉,5,平,45,5,11.11%,2,0,0,0,0,0,0,3,0,0,0,0,0,0,0,0,0,110Y
54670,縣立南埔國小,[353]苗栗縣南庄鄉南富村134號,247273.08,2725370.98,"24.635183,120.973064",[05]苗栗縣,14,南庄鄉,5,平,61,4,6.56%,0,1,0,0,0,0,0,3,0,0,0,0,0,0,0,0,0,110Y
54671,縣立東河國小,[353]苗栗縣南庄鄉東河村三鄰132號,254090.81,2721539.14,"24.600582,121.040398",[05]苗栗縣,14,南庄鄉,5,平,43,38,88.37%,1,7,0,0,0,0,0,30,0,0,0,0,0,0,0,0,0,110Y
54672,縣立蓬萊國小,[353]苗栗縣南庄鄉蓬萊村19鄰118號,247043.643,2715139.401,"24.542802,120.970819",[05]苗栗縣,14,南庄鄉,5,平,32,20,62.50%,0,4,2,0,0,0,0,14,0,0,0,0,0,0,0,0,0,110Y
54698,縣立獅潭國小,[354]苗栗縣獅潭鄉新店村129號,241952.6,2714840.41,"24.540085,120.920569",[05]苗栗縣,14,獅潭鄉,2,平,43,2,4.65%,2,0,0,0,0,0,0,0,0,0,0,0,0,0,0,0,0,110Y
54700,縣立永興國小,[354]苗栗縣獅潭鄉永興村6鄰55-1號,243567.45,2718559.98,"24.573676,120.936491",[05]苗栗縣,14,獅潭鄉,2,平,16,6,37.50%,0,2,0,0,0,0,0,4,0,0,0,0,0,0,0,0,0,110Y
54707,縣立泰安國(中)小,[365]苗栗縣泰安鄉大興村32之1號,240796.37,2701696.9,"24.421406,120.909241",[05]苗栗縣,14,泰安鄉,7,山,6,5,83.33%,0,4,0,1,0,0,0,0,0,0,0,0,0,0,0,0,0,110Y
54708,縣立泰興國小,[365]苗栗縣泰安鄉中興村1鄰2號,241954.51,2698687.83,"24.394243,120.920679",[05]苗栗縣,14,泰安鄉,7,山,30,29,96.67%,0,27,0,0,0,0,0,1,0,0,0,0,0,0,0,0,1,110Y
54709,縣立清安國小,[365]苗栗縣泰安鄉清安村六鄰122號,242549.73,2703750.97,"24.439961,120.926521",[05]苗栗縣,14,泰安鄉,7,山,11,10,90.91%,0,10,0,0,0,0,0,0,0,0,0,0,0,0,0,0,0,110Y
54711,縣立汶水國小,[365]苗栗縣泰安鄉錦水村四鄰12號,242111.36,2705993.59,"24.460208,120.922185",[05]苗栗縣,14,泰安鄉,7,山,50,47,94.00%,0,47,0,0,0,0,0,0,0,0,0,0,0,0,0,0,0,110Y
54712,縣立象鼻國小,[365]苗栗縣泰安鄉象鼻村一鄰4號,244626.76,2694892.89,"24.359989,120.947039",[05]苗栗縣,14,泰安鄉,7,山,40,40,100.00%,0,40,0,0,0,0,0,0,0,0,0,0,0,0,0,0,0,110Y
54714,縣立梅園國小,[365]苗栗縣泰安鄉梅園村二鄰38號,247073.27,2698009.48,"24.388136,120.971146",[05]苗栗縣,14,泰安鄉,7,山,51,51,100.00%,0,51,0,0,0,0,0,0,0,0,0,0,0,0,0,0,0,110Y
54725,縣立士林國小,[365]苗栗縣泰安鄉士林村5鄰26號,242938.77,2693553.38,"24.347888,120.930408",[05]苗栗縣,14,泰安鄉,7,山,27,27,100.00%,0,27,0,0,0,0,0,0,0,0,0,0,0,0,0,0,0,110Y
44601,縣立關西國小,[306]新竹縣關西鎮西安里中山路126號,255474.945,2732871.222,"24.702893,121.05411",[04]新竹縣,20,關西鎮,8,平,504,37,7.34%,5,22,3,2,0,0,0,1,0,0,1,3,0,0,0,0,0,110Y
44602,縣立東安國小,[306]新竹縣關西鎮東安里中山東路40號,268595.836,2742563.914,"24.790302,121.183916",[04]新竹縣,20,關西鎮,8,平,227,3,1.32%,0,3,0,0,0,0,0,0,0,0,0,0,0,0,0,0,0,110Y
44603,縣立石光國小,[306]新竹縣關西鎮石光里石岡子386號,263040.711,2745144.59,"24.81366,121.128999",[04]新竹縣,20,關西鎮,8,平,69,2,2.90%,0,1,0,0,0,0,0,0,0,0,0,0,0,1,0,0,0,110Y
44604,縣立坪林國小,[306]新竹縣關西鎮上林里坪林11號,264179.117,2743740.515,"24.800973,121.140246",[04]新竹縣,20,關西鎮,8,平,46,1,2.17%,0,0,1,0,0,0,0,0,0,0,0,0,0,0,0,0,0,110Y
44605,縣立南和國小,[306]新竹縣關西鎮南和里69號,262013.852,2744771.037,"24.810295,121.118838",[04]新竹縣,20,關西鎮,8,平,32,2,6.25%,2,0,0,0,0,0,0,0,0,0,0,0,0,0,0,0,0,110Y
44607,縣立東光國小,[306]新竹縣關西鎮東光里190號,267798.204,2741023.118,"24.776401,121.176007",[04]新竹縣,20,關西鎮,8,平,34,4,11.76%,0,3,0,0,0,0,0,0,0,0,0,0,0,1,0,0,0,110Y
44608,縣立錦山國小,[306]新竹縣關西鎮金山里107號,272786.201,2740175.093,"24.768678,121.22532",[04]新竹縣,20,關西鎮,8,平,32,7,21.88%,0,7,0,0,0,0,0,0,0,0,0,0,0,0,0,0,0,110Y
44609,縣立玉山國小,[306]新竹縣關西鎮玉山里四鄰25號,271105,2738940.01,"24.757551,121.208677",[04]新竹縣,20,關西鎮,8,平,48,1,2.08%,1,0,0,0,0,0,0,0,0,0,0,0,0,0,0,0,0,110Y
44666,縣立尖石國小,[313]新竹縣尖石鄉嘉樂村六鄰7號,269492.768,2732463.7,"24.6991,121.192646",[04]新竹縣,20,尖石鄉,9,山,28,28,100.00%,0,28,0,0,0,0,0,0,0,0,0,0,0,0,0,0,0,110Y
44667,縣立嘉興國小,[313]新竹縣尖石鄉嘉樂村三鄰177號,271319.706,2733148.24,"24.705256,121.210711",[04]新竹縣,20,尖石鄉,9,山,77,76,98.70%,0,72,0,4,0,0,0,0,0,0,0,0,0,0,0,0,0,110Y
44668,縣立新樂國小,[313]新竹縣尖石鄉新樂村一鄰10號,275336.492,2736088.462,"24.731741,121.250464",[04]新竹縣,20,尖石鄉,9,山,112,105,93.75%,0,105,0,0,0,0,0,0,0,0,0,0,0,0,0,0,0,110Y
44669,縣立梅花國小,[313]新竹縣尖石鄉梅花村1鄰25號,271145.952,2730106.331,"24.677794,121.208948",[04]新竹縣,20,尖石鄉,9,山,50,50,100.00%,0,50,0,0,0,0,0,0,0,0,0,0,0,0,0,0,0,110Y
44670,縣立錦屏國小,[313]新竹縣尖石鄉錦屏村十鄰116號,274975.23,2730385.066,"24.680253,121.246791",[04]新竹縣,20,尖石鄉,9,山,40,40,100.00%,2,36,0,0,0,0,0,0,0,0,0,0,0,2,0,0,0,110Y
44671,縣立玉峰國小,[313]新竹縣尖石鄉玉峰村五鄰59號,280486.753,2728165.57,"24.660115,121.301204",[04]新竹縣,20,尖石鄉,9,山,23,23,100.00%,0,22,0,0,0,0,0,0,0,0,0,0,0,0,0,0,1,110Y
44672,縣立石磊國小,[313]新竹縣尖石鄉玉峰村十鄰49號,283039.911,2727665.272,"24.655545,121.326417",[04]新竹縣,20,尖石鄉,9,山,32,31,96.88%,0,31,0,0,0,0,0,0,0,0,0,0,0,0,0,0,0,110Y
44673,縣立秀巒國小,[313]新竹縣尖石鄉秀巒村四鄰19號,278923.448,2723520.106,"24.618203,121.285664",[04]新竹縣,20,尖石鄉,9,山,67,66,98.51%,0,66,0,0,0,0,0,0,0,0,0,0,0,0,0,0,0,110Y
44674,縣立新光國小,[313]新竹縣尖石鄉秀巒村八鄰17號,280705.691,2719282.015,"24.579903,121.303174",[04]新竹縣,20,尖石鄉,9,山,72,71,98.61%,0,71,0,0,0,0,0,0,0,0,0,0,0,0,0,0,0,110Y
44675,縣立五峰國小,[311]新竹縣五峰鄉大隘村六鄰123號,261923.95,2724828.92,"24.630245,121.117779",[04]新竹縣,20,五峰鄉,3,山,71,69,97.18%,0,40,1,0,0,0,0,28,0,0,0,0,0,0,0,0,0,110Y
44676,縣立桃山國小,[311]新竹縣五峰鄉桃山村15鄰243號,260677.177,2718697.496,"24.574894,121.105418",[04]新竹縣,20,五峰鄉,3,山,59,58,98.31%,0,58,0,0,0,0,0,0,0,0,0,0,0,0,0,0,0,110Y
44677,縣立花園國小,[311]新竹縣五峰鄉花園村八鄰174號,265336,2726800.01,"24.648011,121.151503",[04]新竹縣,20,五峰鄉,3,山,43,41,95.35%,0,40,0,0,0,0,0,1,0,0,0,0,0,0,0,0,0,110Y
134729,縣立滿州國小,[947]屏東縣滿州鄉滿州村中山路39號,233286.05,2435822.61,"22.020382,120.838101",[13]屏東縣,30,滿州鄉,3,平,72,24,33.33%,1,0,23,0,0,0,0,0,0,0,0,0,0,0,0,0,0,110Y
134730,縣立長樂國小,[947]屏東縣滿州鄉長樂村大公路35號,232317.05,2441929.38,"22.075527,120.828649",[13]屏東縣,30,滿州鄉,3,平,43,33,76.74%,1,0,30,2,0,0,0,0,0,0,0,0,0,0,0,0,0,110Y
134731,縣立永港國小,[947]屏東縣滿州鄉永靖村新庄路25號,231144.61,2434197.1,"22.005679,120.817377",[13]屏東縣,30,滿州鄉,3,平,43,5,11.63%,0,0,5,0,0,0,0,0,0,0,0,0,0,0,0,0,0,110Y
134737,縣立地磨兒國小,[901]屏東縣三地門鄉三地村行政街9號,214509.72,2512755.33,"22.714903,120.654518",[13]屏東縣,30,三地門鄉,5,山,147,147,100.00%,0,0,121,5,0,0,21,0,0,0,0,0,0,0,0,0,0,110Y
134740,縣立青山國小,[901]屏東縣三地門鄉青山村民族巷9號,213186.31,2524076.29,"22.817112,120.641368",[13]屏東縣,30,三地門鄉,5,山,52,51,98.08%,0,0,45,2,0,0,4,0,0,0,0,0,0,0,0,0,0,110Y
134741,縣立青葉國小,[901]屏東縣三地門鄉青葉村光復巷1之2號,212978.464,2526420.78,"22.83828,120.639288",[13]屏東縣,30,三地門鄉,5,山,38,35,92.11%,4,0,4,0,0,0,27,0,0,0,0,0,0,0,0,0,0,110Y
134742,縣立口社國小,[901]屏東縣三地門鄉口社村信義巷65號,213527.16,2518896.79,"22.770344,120.64481",[13]屏東縣,30,三地門鄉,5,山,56,53,94.64%,0,0,53,0,0,0,0,0,0,0,0,0,0,0,0,0,0,110Y
134744,縣立佳義國小,[903]屏東縣瑪家鄉佳義村泰平巷12號,212052.51,2505918.17,"22.653103,120.630764",[13]屏東縣,30,瑪家鄉,3,山,162,158,97.53%,0,1,147,0,1,0,9,0,0,0,0,0,0,0,0,0,0,110Y
134746,縣立北葉國小,[903]屏東縣瑪家鄉北葉村風景巷1-22號,213685.58,2511847.64,"22.706688,120.646516",[13]屏東縣,30,瑪家鄉,3,山,116,109,93.97%,3,1,94,0,0,0,11,0,0,0,0,0,0,0,0,0,0,110Y
134748,縣立霧臺國小,[902]屏東縣霧臺鄉霧臺村中山巷45號,222405.45,2516098.76,"22.745244,120.731319",[13]屏東縣,30,霧臺鄉,1,山,102,102,100.00%,0,0,23,0,1,0,77,0,0,0,0,0,0,1,0,0,0,110Y
134751,縣立武潭國小,[921]屏東縣泰武鄉武潭村潭中巷45號,212412.3,2497643.79,"22.578386,120.634462",[13]屏東縣,30,泰武鄉,3,山,157,155,98.73%,0,0,155,0,0,0,0,0,0,0,0,0,0,0,0,0,0,110Y
134752,縣立泰武國小,[921]屏東縣泰武鄉泰武村阿夫魯岸路1號,209989.08,2500664.77,"22.605613,120.61082",[13]屏東縣,30,泰武鄉,3,山,107,103,96.26%,1,0,102,0,0,0,0,0,0,0,0,0,0,0,0,0,0,110Y
134753,縣立萬安國小,[921]屏東縣泰武鄉萬安村萬安路1號,212793,2503000.008,"22.626766,120.638038",[13]屏東縣,30,泰武鄉,3,山,87,87,100.00%,0,0,85,1,0,0,1,0,0,0,0,0,0,0,0,0,0,110Y
134754,縣立來義國小,[922]屏東縣來義鄉丹林村古義路2號,213923.37,2492055.25,"22.527948,120.649284",[13]屏東縣,30,來義鄉,5,山,110,109,99.09%,0,0,109,0,0,0,0,0,0,0,0,0,0,0,0,0,0,110Y
134755,縣立望嘉國小,[922]屏東縣來義鄉望嘉村165號,211204.49,2484850.42,"22.46282,120.62303",[13]屏東縣,30,來義鄉,5,山,57,55,96.49%,0,0,55,0,0,0,0,0,0,0,0,0,0,0,0,0,0,110Y
134756,縣立文樂國小,[922]屏東縣來義鄉文樂村新樂路1號,211264,2488190.008,"22.492982,120.623526",[13]屏東縣,30,來義鄉,5,山,58,53,91.38%,4,2,43,2,0,0,1,0,0,0,0,1,0,0,0,0,0,110Y
134757,縣立南和國小,[922]屏東縣來義鄉南和村51號,213214.77,2481924.74,"22.436443,120.642631",[13]屏東縣,30,來義鄉,5,山,70,69,98.57%,0,0,69,0,0,0,0,0,0,0,0,0,0,0,0,0,0,110Y
134758,縣立古樓國小,[922]屏東縣來義鄉古樓村育英路2號,211518.62,2492019.15,"22.527569,120.625908",[13]屏東縣,30,來義鄉,5,山,44,44,100.00%,0,0,44,0,0,0,0,0,0,0,0,0,0,0,0,0,0,110Y
134759,縣立春日國小,[942]屏東縣春日鄉春日村春日路314號,211589.42,2474604.1,"22.370293,120.627017",[13]屏東縣,30,春日鄉,3,山,80,77,96.25%,3,0,73,0,0,0,0,0,0,0,0,0,0,1,0,0,0,110Y
134760,縣立力里國小,[942]屏東縣春日鄉七佳村自強一路92號,211813.52,2480955.68,"22.42766,120.629041",[13]屏東縣,30,春日鄉,3,山,104,102,98.08%,3,0,95,2,0,0,2,0,0,0,0,0,0,0,0,0,0,110Y
134761,縣立古華國小,[942]屏東縣春日鄉古華村古華路3巷63號,211481.3,2473579.26,"22.361034,120.625992",[13]屏東縣,30,春日鄉,3,山,60,60,100.00%,0,1,57,0,0,0,2,0,0,0,0,0,0,0,0,0,0,110Y
134762,縣立楓林國小,[943]屏東縣獅子鄉楓林村楓林2巷22-2號,219564.65,2455959.45,"22.202065,120.704813",[13]屏東縣,30,獅子鄉,4,山,32,30,93.75%,0,2,26,1,0,1,0,0,0,0,0,0,0,0,0,0,0,110Y
134763,縣立丹路國小,[943]屏東縣獅子鄉丹路村丹路1巷39號,224375.632,2456093.414,"22.203353,120.751471",[13]屏東縣,30,獅子鄉,4,山,40,39,97.50%,0,0,35,1,1,0,2,0,0,0,0,0,0,0,0,0,0,110Y
134764,縣立內獅國小,[943]屏東縣獅子鄉內獅村1號,213525.89,2466564.74,"22.297729,120.646004",[13]屏東縣,30,獅子鄉,4,山,72,72,100.00%,0,0,68,4,0,0,0,0,0,0,0,0,0,0,0,0,0,110Y
134765,縣立草埔國小,[943]屏東縣獅子鄉草埔村1巷5號,229715,2459560.008,"22.234732,120.803213",[13]屏東縣,30,獅子鄉,4,山,25,25,100.00%,0,0,25,0,0,0,0,0,0,0,0,0,0,0,0,0,0,110Y
134766,縣立石門國小,[945]屏東縣牡丹鄉石門村石門路33號,226532.77,2447504.3,"22.12581,120.772518",[13]屏東縣,30,牡丹鄉,3,山,82,81,98.78%,3,0,78,0,0,0,0,0,0,0,0,0,0,0,0,0,0,110Y
134768,縣立高士國小,[945]屏東縣牡丹鄉高士村高士路29號,234214.81,2447379.65,"22.124771,120.846985",[13]屏東縣,30,牡丹鄉,3,山,51,50,98.04%,0,0,50,0,0,0,0,0,0,0,0,0,0,0,0,0,0,110Y
134769,縣立牡丹國小,[945]屏東縣牡丹鄉牡丹村牡丹路93號,233261.16,2453123.33,"22.176637,120.837682",[13]屏東縣,30,牡丹鄉,3,山,58,58,100.00%,8,0,49,0,0,0,1,0,0,0,0,0,0,0,0,0,0,110Y
134784,縣立賽嘉國小,[901]屏東縣三地門鄉賽嘉村2號,213007,2515980.008,"22.743992,120.639813",[13]屏東縣,30,三地門鄉,5,山,42,42,100.00%,0,0,42,0,0,0,0,0,0,0,0,0,0,0,0,0,0,110Y
134787,縣立長榮百合國小,[903]屏東縣瑪家鄉瑪家村和平路一段65號,213301.56,2510942.2,"22.698503,120.642799",[13]屏東縣,30,瑪家鄉,3,山,109,100,91.74%,0,2,78,0,0,0,20,0,0,0,0,0,0,0,0,0,0,110Y
84687,縣立魚池國小,[555]南投縣魚池鄉魚池村瓊文巷41號,243616.91,2643833.81,"23.898952,120.937311",[08]南投縣,36,魚池鄉,7,平,175,7,4.00%,0,1,0,6,0,0,0,0,0,0,0,0,0,0,0,0,0,110Y
84688,縣立頭社國小,[555]南投縣魚池鄉頭社村平和巷105號,240084.66,2637009.96,"23.837316,120.902666",[08]南投縣,36,魚池鄉,7,平,26,1,3.85%,0,0,0,1,0,0,0,0,0,0,0,0,0,0,0,0,0,110Y
84689,縣立東光國小,[555]南投縣魚池鄉東光村慶隆巷36號,246608.74,2642893.06,"23.890466,120.966696",[08]南投縣,36,魚池鄉,7,平,42,5,11.90%,1,0,0,2,0,0,2,0,0,0,0,0,0,0,0,0,0,110Y
84690,縣立五城國小,[555]南投縣魚池鄉五城村華龍巷1之2號,238711.75,2642944.7,"23.890896,120.889143",[08]南投縣,36,魚池鄉,7,平,30,1,3.33%,0,0,0,0,0,0,0,0,0,0,0,0,0,1,0,0,0,110Y
84693,縣立新城國小,[555]南投縣魚池鄉新城村通文巷7之1號,242287.46,2644414.63,"23.904191,120.924251",[08]南投縣,36,魚池鄉,7,平,110,7,6.36%,0,0,2,5,0,0,0,0,0,0,0,0,0,0,0,0,0,110Y
84694,縣立伊達邵國小,[555]南投縣魚池鄉日月村中正路211巷1號,243426.93,2638250.41,"23.848534,120.93547",[08]南投縣,36,魚池鄉,7,平,29,10,34.48%,0,0,0,1,0,0,0,0,0,9,0,0,0,0,0,0,0,110Y
84695,縣立共和國小,[555]南投縣魚池鄉共和村五馬巷57之1號,246565.18,2646076.77,"23.919214,120.966261",[08]南投縣,36,魚池鄉,7,平,32,2,6.25%,0,0,0,2,0,0,0,0,0,0,0,0,0,0,0,0,0,110Y
84716,縣立信義國小,[556]南投縣信義鄉明德村玉山路24號,235186.61,2621578.28,"23.697933,120.854739",[08]南投縣,36,信義鄉,14,山,46,37,80.43%,2,0,2,32,0,0,0,0,0,0,0,0,0,1,0,0,0,110Y
84717,縣立羅娜國小,[556]南投縣信義鄉羅娜村1鄰信筆巷73號,236745.06,2613869.68,"23.628338,120.87009",[08]南投縣,36,信義鄉,14,山,91,88,96.70%,3,1,0,83,0,0,0,0,0,0,0,0,0,1,0,0,0,110Y
84718,縣立同富國小,[556]南投縣信義鄉同富村同和巷4號,238547.96,2610048.64,"23.593848,120.887789",[08]南投縣,36,信義鄉,14,山,123,73,59.35%,0,0,1,69,0,3,0,0,0,0,0,0,0,0,0,0,0,110Y
84719,縣立愛國國小,[556]南投縣信義鄉愛國村愛國巷108號,234562.47,2621128.1,"23.693862,120.848623",[08]南投縣,36,信義鄉,14,山,49,5,10.20%,0,0,0,5,0,0,0,0,0,0,0,0,0,0,0,0,0,110Y
84720,縣立人和國小,[556]南投縣信義鄉人和村民生巷3號,239506.08,2630634.77,"23.779746,120.897032",[08]南投縣,36,信義鄉,14,山,82,81,98.78%,0,0,0,81,0,0,0,0,0,0,0,0,0,0,0,0,0,110Y
84721,縣立地利國小,[556]南投縣信義鄉地利村開信巷17號,244229.62,2632232.17,"23.794194,120.943374",[08]南投縣,36,信義鄉,14,山,65,59,90.77%,0,0,0,59,0,0,0,0,0,0,0,0,0,0,0,0,0,110Y
84722,縣立東埔國小,[556]南投縣信義鄉東埔村開高巷63號,242611.731,2606547.478,"23.562256,120.927625",[08]南投縣,36,信義鄉,14,山,40,39,97.50%,0,0,0,39,0,0,0,0,0,0,0,0,0,0,0,0,0,110Y
84724,縣立潭南國小,[556]南投縣信義鄉潭南村和平巷49號,243912.91,2635233.87,"23.821298,120.940253",[08]南投縣,36,信義鄉,14,山,88,87,98.86%,0,0,0,87,0,0,0,0,0,0,0,0,0,0,0,0,0,110Y
84727,縣立桐林國小,[556]南投縣信義鄉同富村太平巷18號,237246.09,2606335.88,"23.560312,120.875065",[08]南投縣,36,信義鄉,14,山,34,1,2.94%,0,0,1,0,0,0,0,0,0,0,0,0,0,0,0,0,0,110Y
84728,縣立隆華國小,[556]南投縣信義鄉神木村民和巷65-6號,236499.28,2606678.65,"23.563401,120.867746",[08]南投縣,36,信義鄉,14,山,45,8,17.78%,2,2,1,3,0,0,0,0,0,0,0,0,0,0,0,0,0,110Y
84729,縣立希娜巴嵐國小,[556]南投縣信義鄉新鄉村新鄉路80號,236679.5,2615147.11,"23.639873,120.869436",[08]南投縣,36,信義鄉,14,山,53,53,100.00%,0,0,0,52,1,0,0,0,0,0,0,0,0,0,0,0,0,110Y
84730,縣立久美國小,[556]南投縣信義鄉望美村美信巷54號,238195.7,2612444.21,"23.615478,120.884319",[08]南投縣,36,信義鄉,14,山,56,55,98.21%,0,2,0,45,0,8,0,0,0,0,0,0,0,0,0,0,0,110Y
84731,縣立雙龍國小,[556]南投縣信義鄉雙龍村光復巷4號,244932.84,2631294.2,"23.785727,120.950278",[08]南投縣,36,信義鄉,14,山,46,46,100.00%,0,4,0,42,0,0,0,0,0,0,0,0,0,0,0,0,0,110Y
84732,縣立豐丘國小,[556]南投縣信義鄉豐丘村高平巷77號,237263.4,2618514.94,"23.670289,120.87513",[08]南投縣,36,信義鄉,14,山,27,23,85.19%,0,0,0,20,0,0,0,0,0,0,0,0,0,3,0,0,0,110Y
84733,縣立仁愛國小,[546]南投縣仁愛鄉大同村山農巷5號,263554.62,2657296.75,"24.020472,121.133247",[08]南投縣,36,仁愛鄉,15,山,50,46,92.00%,3,1,0,5,0,0,0,0,0,0,0,0,0,37,0,0,0,110Y
84734,縣立親愛國小,[546]南投縣仁愛鄉親愛村高平路3號,261117.83,2651457.44,"23.967764,121.109248",[08]南投縣,36,仁愛鄉,15,山,76,67,88.16%,0,41,0,5,0,0,0,0,0,0,0,2,0,19,0,0,0,110Y
84735,縣立法治國小,[546]南投縣仁愛鄉法治村界山巷6號,254702.81,2645799.36,"23.916706,121.046193",[08]南投縣,36,仁愛鄉,15,山,69,69,100.00%,0,0,0,69,0,0,0,0,0,0,0,0,0,0,0,0,0,110Y
84736,縣立德鹿谷國小,[546]南投縣仁愛鄉德鹿谷村莎都部落一巷23號,272024.437,2664594.858,"24.086275,121.216619",[08]南投縣,36,仁愛鄉,15,山,23,23,100.00%,0,2,0,0,0,0,0,0,0,0,0,0,0,21,0,0,0,110Y
84737,縣立互助國小,[546]南投縣仁愛鄉互助村中華路19號,246911.23,2662007.25,"24.06306,120.969626",[08]南投縣,36,仁愛鄉,15,山,76,75,98.68%,1,21,0,2,0,0,0,0,1,0,0,0,0,50,0,0,0,110Y
84738,縣立力行國小,[546]南投縣仁愛鄉力行村新望洋67號,269241.32,2671459.875,"24.148298,121.189337",[08]南投縣,36,仁愛鄉,15,山,23,23,100.00%,0,22,0,0,0,0,0,0,0,0,0,0,0,1,0,0,0,110Y
84739,縣立南豐國小,[546]南投縣仁愛鄉南豐村楓林路3號,257998.22,2655059.21,"24.000306,121.078613",[08]南投縣,36,仁愛鄉,15,山,46,39,84.78%,1,5,0,4,0,0,0,0,0,0,0,0,0,29,0,0,0,110Y
84740,縣立中正國小,[546]南投縣仁愛鄉中正村平等巷114號,249102.95,2644463.29,"23.904648,120.99119",[08]南投縣,36,仁愛鄉,15,山,97,92,94.85%,2,4,1,82,0,0,0,0,0,0,0,2,0,1,0,0,0,110Y
84741,縣立廬山國小,[546]南投縣仁愛鄉精英村中華巷19號,268940.45,2658920.06,"24.035074,121.186213",[08]南投縣,36,仁愛鄉,15,山,56,56,100.00%,0,3,0,2,0,0,0,0,0,0,0,0,0,51,0,0,0,110Y
84742,縣立發祥國小,[546]南投縣仁愛鄉發祥村光復巷24號,266000.51,2668750.35,"24.123869,121.157417",[08]南投縣,36,仁愛鄉,15,山,19,18,94.74%,0,16,0,0,0,0,0,0,0,0,0,0,0,2,0,0,0,110Y
84743,縣立萬豐國小,[546]南投縣仁愛鄉萬豐村清華巷8號,257760.78,2649141.34,"23.946871,121.076248",[08]南投縣,36,仁愛鄉,15,山,63,62,98.41%,0,0,0,61,0,0,0,0,0,0,0,0,0,1,0,0,0,110Y
84744,縣立都達國小,[546]南投縣仁愛鄉都達村法觀路17號,269545.2,2661627.72,"24.059516,121.192195",[08]南投縣,36,仁愛鄉,15,山,42,42,100.00%,0,4,0,1,0,0,0,0,0,0,0,0,0,37,0,0,0,110Y
84745,縣立春陽國小,[546]南投縣仁愛鄉春陽村永樂巷58號,265134.591,2658137.861,"24.028052,121.148787",[08]南投縣,36,仁愛鄉,15,山,67,67,100.00%,0,4,0,0,0,0,0,0,0,0,0,0,0,63,0,0,0,110Y
84746,縣立紅葉國小,[546]南投縣仁愛鄉發祥村仁盛路70號,268009.52,2672721.86,"24.159708,121.177232",[08]南投縣,36,仁愛鄉,15,山,22,22,100.00%,0,22,0,0,0,0,0,0,0,0,0,0,0,0,0,0,0,110Y
84747,縣立清境國小,[546]南投縣仁愛鄉定遠新村24號,266129.066,2659965.473,"24.044545,121.158584",[08]南投縣,36,仁愛鄉,15,山,62,20,32.26%,0,0,1,1,1,0,1,0,0,2,1,0,0,13,0,0,0,110Y
140601,國立臺東大學附小,[950]臺東縣臺東市博愛路345號,265121.701,2517195.53,"22.755307,121.147247",[14]臺東縣,86,臺東市,21,平,1016,120,11.81%,62,1,21,13,19,0,3,0,0,0,0,1,0,0,0,0,0,110Y
144601,縣立仁愛國小,[950]臺東縣臺東市四維路一段400號,266313.83,2517423.212,"22.757352,121.158858",[14]臺東縣,86,臺東市,21,平,276,93,33.70%,49,3,18,5,12,0,1,0,4,0,0,1,0,0,0,0,0,110Y
144602,縣立復興國小,[950]臺東縣臺東市鐵花路87巷55號,265557.797,2516286.768,"22.747096,121.151484",[14]臺東縣,86,臺東市,21,平,99,30,30.30%,10,0,8,3,3,0,0,0,4,0,0,2,0,0,0,0,0,110Y
144603,縣立光明國小,[950]臺東縣臺東市中興路二段150巷29弄1號,263267.194,2518677.17,"22.768704,121.129201",[14]臺東縣,86,臺東市,21,平,120,39,32.50%,18,1,10,5,5,0,0,0,0,0,0,0,0,0,0,0,0,110Y
144604,縣立寶桑國小,[950]臺東縣臺東市四維路二段23號,265523.146,2517956.964,"22.76218,121.151164",[14]臺東縣,86,臺東市,21,平,346,83,23.99%,52,0,12,6,9,0,2,0,0,0,1,1,0,0,0,0,0,110Y
144605,縣立新生國小,[950]臺東縣臺東市更生路474巷45號,264589.635,2518172.794,"22.764138,121.142075",[14]臺東縣,86,臺東市,21,平,658,242,36.78%,133,4,57,23,21,1,2,0,1,0,0,0,0,0,0,0,0,110Y
144606,縣立豐里國小,[950]臺東縣臺東市中華路三段80號,262541.956,2515176.855,"22.737098,121.122111",[14]臺東縣,86,臺東市,21,平,122,70,57.38%,59,0,6,0,4,0,0,0,1,0,0,0,0,0,0,0,0,110Y
144607,縣立豐榮國小,[950]臺東縣臺東市中華路二段154巷150號,264051.786,2516322.207,"22.74743,121.136821",[14]臺東縣,86,臺東市,21,平,400,173,43.25%,110,7,33,4,10,0,1,0,6,0,0,1,0,1,0,0,0,110Y
144608,縣立馬蘭國小,[950]臺東縣臺東市馬蘭里新社三街6號,263931.109,2518309.746,"22.76538,121.135664",[14]臺東縣,86,臺東市,21,平,512,103,20.12%,53,0,24,9,13,0,1,0,3,0,0,0,0,0,0,0,0,110Y
144609,縣立豐源國小,[950]臺東縣臺東市中華路四段392號,261126.561,2514404.211,"22.73013,121.108325",[14]臺東縣,86,臺東市,21,平,65,24,36.92%,9,0,1,2,8,0,1,0,0,0,0,3,0,0,0,0,0,110Y
144610,縣立康樂國小,[950]臺東縣臺東市山西路一段256號,262270.154,2517209.234,"22.755454,121.11948",[14]臺東縣,86,臺東市,21,平,247,83,33.60%,46,1,15,5,12,0,0,0,3,0,0,1,0,0,0,0,0,110Y
144611,縣立豐年國小,[950]臺東縣臺東市中興路三段320號,261441.713,2519016.456,"22.771781,121.111427",[14]臺東縣,86,臺東市,21,平,82,62,75.61%,29,1,7,16,5,0,1,0,3,0,0,0,0,0,0,0,0,110Y
144612,縣立卑南國小,[950]臺東縣臺東市卑南里更生北路317號,262242.114,2520131.763,"22.781848,121.11923",[14]臺東縣,86,臺東市,21,平,242,99,40.91%,61,0,9,10,16,0,0,0,1,0,0,2,0,0,0,0,0,110Y
144613,縣立岩灣國小,[950]臺東縣臺東市岩灣路50巷401弄11號,262821.203,2522797.001,"22.805913,121.124892",[14]臺東縣,86,臺東市,21,平,59,27,45.76%,18,0,2,1,4,0,2,0,0,0,0,0,0,0,0,0,0,110Y
144614,縣立南王國小,[950]臺東縣臺東市南王里更生北路726號,261738.661,2520918.89,"22.78896,121.114333",[14]臺東縣,86,臺東市,21,平,67,57,85.07%,11,1,6,4,35,0,0,0,0,0,0,0,0,0,0,0,0,110Y
144615,縣立知本國小,[950]臺東縣臺東市知本路三段107號,255598.257,2511696.009,"22.7057,121.054493",[14]臺東縣,86,臺東市,21,平,178,100,56.18%,17,5,18,5,52,0,2,0,1,0,0,0,0,0,0,0,0,110Y
144616,縣立建和國小,[950]臺東縣臺東市青海路三段640號,255050.709,2512917.857,"22.716736,121.049167",[14]臺東縣,86,臺東市,21,平,66,43,65.15%,12,0,4,1,24,0,1,0,0,0,0,1,0,0,0,0,0,110Y
144617,縣立豐田國小,[950]臺東縣臺東市中興路四段750號,258907.49,2519350.691,"22.774815,121.086749",[14]臺東縣,86,臺東市,21,平,222,117,52.70%,45,0,25,7,31,0,8,0,0,0,0,1,0,0,0,0,0,110Y
144618,縣立富岡國小,[950]臺東縣臺東市松江路一段441號,269905.858,2521727.208,"22.796183,121.19389",[14]臺東縣,86,臺東市,21,平,44,26,59.09%,25,1,0,0,0,0,0,0,0,0,0,0,0,0,0,0,0,110Y
144619,縣立新園國小,[950]臺東縣臺東市新園路88號,256402.807,2518269.964,"22.765066,121.062352",[14]臺東縣,86,臺東市,21,平,42,30,71.43%,3,0,24,0,0,0,3,0,0,0,0,0,0,0,0,0,0,110Y
144620,縣立賓朗國小,[954]臺東縣卑南鄉賓朗村474巷2號,259606.066,2522930.194,"22.807137,121.093574",[14]臺東縣,86,卑南鄉,8,平,49,32,65.31%,16,2,0,4,9,0,1,0,0,0,0,0,0,0,0,0,0,110Y
144621,縣立溫泉國小,[954]臺東縣卑南鄉溫泉村溫泉路291號,252664.074,2510805.783,"22.697667,121.02593",[14]臺東縣,86,卑南鄉,8,平,101,24,23.76%,12,1,5,0,4,0,2,0,0,0,0,0,0,0,0,0,0,110Y
144622,縣立利嘉國小,[954]臺東縣卑南鄉利嘉村利嘉路666號,256459.415,2519588.051,"22.77697,121.062908",[14]臺東縣,86,卑南鄉,8,平,61,53,86.89%,7,0,3,2,41,0,0,0,0,0,0,0,0,0,0,0,0,110Y
144623,縣立初鹿國小,[954]臺東縣卑南鄉初鹿村梅園路97號,259449.109,2528802.1,"22.860167,121.092081",[14]臺東縣,86,卑南鄉,8,平,68,43,63.24%,20,0,1,0,22,0,0,0,0,0,0,0,0,0,0,0,0,110Y
144624,縣立東成國小,[954]臺東縣卑南鄉美農村22鄰班鳩92號,258457.744,2526080.578,"22.835595,121.082405",[14]臺東縣,86,卑南鄉,8,平,48,9,18.75%,1,0,1,0,6,0,0,0,0,0,0,0,0,1,0,0,0,110Y
144625,縣立富山國小,[954]臺東縣卑南鄉富山村漁場三鄰66號,269637.408,2527746.149,"22.850543,121.191351",[14]臺東縣,86,卑南鄉,8,平,108,36,33.33%,24,0,3,1,6,1,0,0,0,0,0,1,0,0,0,0,0,110Y
144627,縣立大南國小,[954]臺東縣卑南鄉東興村東園一街40號,254419.548,2518253.832,"22.764927,121.043038",[14]臺東縣,86,卑南鄉,8,平,76,74,97.37%,9,0,9,4,2,0,50,0,0,0,0,0,0,0,0,0,0,110Y
144628,縣立太平國小,[954]臺東縣卑南鄉泰安村6號,257779.46,2521120.649,"22.790805,121.075772",[14]臺東縣,86,卑南鄉,8,平,129,102,79.07%,17,2,19,6,47,0,7,0,3,0,0,1,0,0,0,0,0,110Y
144629,縣立大王國小,[963]臺東縣太麻里鄉大王村文化路60號,250397,2501430.008,"22.612995,121.003862",[14]臺東縣,86,太麻里鄉,5,平,160,96,60.00%,24,0,61,5,2,0,3,1,0,0,0,0,0,0,0,0,0,110Y
144630,縣立香蘭國小,[963]臺東縣太麻里鄉香蘭村四鄰28號,249326.706,2498635.728,"22.58776,120.993452",[14]臺東縣,86,太麻里鄉,5,平,33,20,60.61%,7,0,12,0,0,0,0,0,0,0,0,1,0,0,0,0,0,110Y
144632,縣立三和國小,[963]臺東縣太麻里鄉三和村漁場94號,253827.245,2508008.933,"22.672406,121.037245",[14]臺東縣,86,太麻里鄉,5,平,55,16,29.09%,5,0,7,1,0,3,0,0,0,0,0,0,0,0,0,0,0,110Y
144633,縣立美和國小,[963]臺東縣太麻里鄉美和村美和90號,254549.146,2509700.906,"22.687685,121.044275",[14]臺東縣,86,太麻里鄉,5,平,44,15,34.09%,11,0,1,0,3,0,0,0,0,0,0,0,0,0,0,0,0,110Y
144635,縣立大溪國小,[963]臺東縣太麻里鄉多良村十五鄰大溪85號,243981.993,2484756.568,"22.462403,120.941524",[14]臺東縣,86,太麻里鄉,5,平,37,31,83.78%,7,0,24,0,0,0,0,0,0,0,0,0,0,0,0,0,0,110Y
144636,縣立尚武國小,[965]臺東縣大武鄉尚武村八鄰學府路7號,238492.935,2471191.659,"22.339864,120.888285",[14]臺東縣,86,大武鄉,3,平,60,37,61.67%,4,1,32,0,0,0,0,0,0,0,0,0,0,0,0,0,0,110Y
144637,縣立大武國小,[965]臺東縣大武鄉大武村民族街2巷49號,240217.16,2473993.017,"22.365175,120.905008",[14]臺東縣,86,大武鄉,3,平,113,93,82.30%,5,0,83,2,0,0,3,0,0,0,0,0,0,0,0,0,0,110Y
144638,縣立大鳥國小,[965]臺東縣大武鄉大鳥村一鄰12號,240783.46,2475993.115,"22.383242,120.910495",[14]臺東縣,86,大武鄉,3,平,62,62,100.00%,3,1,58,0,0,0,0,0,0,0,0,0,0,0,0,0,0,110Y
144642,縣立鹿野國小,[955]臺東縣鹿野鄉鹿野村中華路一段402號,264054.926,2534256.488,"22.909392,121.137013",[14]臺東縣,86,鹿野鄉,5,平,45,20,44.44%,9,0,0,11,0,0,0,0,0,0,0,0,0,0,0,0,0,110Y
144643,縣立龍田國小,[955]臺東縣鹿野鄉龍田村光榮路236號,262746.272,2533683.965,"22.904233,121.124251",[14]臺東縣,86,鹿野鄉,5,平,39,10,25.64%,5,1,0,4,0,0,0,0,0,0,0,0,0,0,0,0,0,110Y
144644,縣立永安國小,[955]臺東縣鹿野鄉永安村鹿寮路31號,263163.839,2536938.416,"22.93362,121.12835",[14]臺東縣,86,鹿野鄉,5,平,59,23,38.98%,16,0,0,4,1,0,0,0,2,0,0,0,0,0,0,0,0,110Y
144645,縣立瑞豐國小,[955]臺東縣鹿野鄉瑞豐村中山路67號,264039.637,2541971.572,"22.979066,121.136934",[14]臺東縣,86,鹿野鄉,5,平,35,13,37.14%,11,0,2,0,0,0,0,0,0,0,0,0,0,0,0,0,0,110Y
144646,縣立瑞源國小,[955]臺東縣鹿野鄉瑞源村文化路67號,265940.074,2539623.565,"22.957844,121.155446",[14]臺東縣,86,鹿野鄉,5,平,69,34,49.28%,30,1,1,0,2,0,0,0,0,0,0,0,0,0,0,0,0,110Y
144647,縣立關山國小,[956]臺東縣關山鎮中華路101號,266879.317,2549897.569,"23.050617,121.164718",[14]臺東縣,86,關山鎮,4,平,315,137,43.49%,61,5,4,60,0,0,1,4,0,0,0,2,0,0,0,0,0,110Y
144648,縣立月眉國小,[956]臺東縣關山鎮月眉里盛豐路二鄰1號,265220,2545330.009,"23.009385,121.14848",[14]臺東縣,86,關山鎮,4,平,10,3,30.00%,3,0,0,0,0,0,0,0,0,0,0,0,0,0,0,0,0,110Y
144649,縣立德高國小,[956]臺東縣關山鎮德高里7鄰永豐16號,268234.897,2552482.067,"23.073942,121.177977",[14]臺東縣,86,關山鎮,4,平,28,22,78.57%,22,0,0,0,0,0,0,0,0,0,0,0,0,0,0,0,0,110Y
144650,縣立電光國小,[956]臺東縣關山鎮電光里中興路93號,267770,2544970.009,"23.006108,121.173353",[14]臺東縣,86,關山鎮,4,平,24,13,54.17%,11,0,0,0,2,0,0,0,0,0,0,0,0,0,0,0,0,110Y
144651,縣立福原國小,[958]臺東縣池上鄉福原村中華路17號,272057.453,2558148.779,"23.125069,121.215367",[14]臺東縣,86,池上鄉,3,平,176,56,31.82%,42,0,1,9,0,0,0,0,0,0,0,4,0,0,0,0,0,110Y
144652,縣立大坡國小,[958]臺東縣池上鄉慶豐村八鄰87號,273635.195,2558203.929,"23.125545,121.230773",[14]臺東縣,86,池上鄉,3,平,38,13,34.21%,12,0,0,1,0,0,0,0,0,0,0,0,0,0,0,0,0,110Y
144653,縣立萬安國小,[958]臺東縣池上鄉萬安村一鄰5之2號,272409,2554850.009,"23.095275,121.218752",[14]臺東縣,86,池上鄉,3,平,51,21,41.18%,17,1,1,2,0,0,0,0,0,0,0,0,0,0,0,0,0,110Y
144655,縣立東河國小,[959]臺東縣東河鄉東河村十六鄰35號,279975.455,2539490.793,"22.956452,121.292314",[14]臺東縣,86,東河鄉,5,平,44,23,52.27%,21,0,0,0,1,0,0,0,1,0,0,0,0,0,0,0,0,110Y
144656,縣立都蘭國小,[959]臺東縣東河鄉都蘭村431號,273284.196,2530786.712,"22.877955,121.226932",[14]臺東縣,86,東河鄉,5,平,65,38,58.46%,35,1,1,1,0,0,0,0,0,0,0,0,0,0,0,0,0,110Y
144659,縣立泰源國小,[959]臺東縣東河鄉泰源村11鄰297號,279220.643,2544135.931,"22.998414,121.285041",[14]臺東縣,86,東河鄉,5,平,64,47,73.44%,44,1,0,0,2,0,0,0,0,0,0,0,0,0,0,0,0,110Y
144660,縣立北源國小,[959]臺東縣東河鄉北源村順那21號,279997.239,2548712.653,"23.039731,121.292706",[14]臺東縣,86,東河鄉,5,平,22,11,50.00%,11,0,0,0,0,0,0,0,0,0,0,0,0,0,0,0,0,110Y
144662,縣立三民國小,[961]臺東縣成功鎮三民路18號,288032.67,2555608.552,"23.10184,121.371283",[14]臺東縣,86,成功鎮,5,平,101,80,79.21%,76,0,1,1,1,0,0,0,0,0,0,1,0,0,0,0,0,110Y
144663,縣立成功國小,[961]臺東縣成功鎮太平路28號,289194.248,2555652.832,"23.102212,121.382624",[14]臺東縣,86,成功鎮,5,平,258,94,36.43%,83,0,5,3,2,0,0,0,1,0,0,0,0,0,0,0,0,110Y
144664,縣立信義國小,[961]臺東縣成功鎮信義里都歷路58號,283911.528,2547295.736,"23.02686,121.330869",[14]臺東縣,86,成功鎮,5,平,45,36,80.00%,35,0,1,0,0,0,0,0,0,0,0,0,0,0,0,0,0,110Y
144665,縣立三仙國小,[961]臺東縣成功鎮三仙里基翬路八鄰16號,290329,2557660.009,"23.120311,121.393754",[14]臺東縣,86,成功鎮,5,平,36,34,94.44%,34,0,0,0,0,0,0,0,0,0,0,0,0,0,0,0,0,110Y
144667,縣立忠孝國小,[961]臺東縣成功鎮忠孝里成廣路8號,290909.639,2561711.097,"23.156879,121.399532",[14]臺東縣,86,成功鎮,5,平,31,27,87.10%,27,0,0,0,0,0,0,0,0,0,0,0,0,0,0,0,0,110Y
144669,縣立長濱國小,[962]臺東縣長濱鄉長濱村五鄰11號,295326.476,2578254.625,"23.306155,121.443159",[14]臺東縣,86,長濱鄉,5,平,78,51,65.38%,48,0,1,1,0,0,0,0,0,0,1,0,0,0,0,0,0,110Y
144671,縣立寧埔國小,[962]臺東縣長濱鄉寧埔村十鄰41號,292535.253,2569162.037,"23.224122,121.415615",[14]臺東縣,86,長濱鄉,5,平,29,24,82.76%,23,0,1,0,0,0,0,0,0,0,0,0,0,0,0,0,0,110Y
144672,縣立竹湖國小,[962]臺東縣長濱鄉竹湖村十鄰14號,293838.636,2575984.286,"23.285694,121.428547",[14]臺東縣,86,長濱鄉,5,平,27,16,59.26%,16,0,0,0,0,0,0,0,0,0,0,0,0,0,0,0,0,110Y
144673,縣立三間國小,[962]臺東縣長濱鄉三間村七鄰16號,297218.995,2582159.392,"23.341362,121.461784",[14]臺東縣,86,長濱鄉,5,平,28,19,67.86%,19,0,0,0,0,0,0,0,0,0,0,0,0,0,0,0,0,110Y
144674,縣立樟原國小,[962]臺東縣長濱鄉樟原村一鄰7號,298269.658,2590386.376,"23.415621,121.472322",[14]臺東縣,86,長濱鄉,5,平,15,13,86.67%,5,0,0,6,0,0,0,0,0,0,2,0,0,0,0,0,0,110Y
144676,縣立嘉蘭國小,[964]臺東縣金峰鄉嘉蘭村3鄰132號,246029.22,2499451.45,"22.595122,120.96138",[14]臺東縣,86,金峰鄉,4,山,74,73,98.65%,6,0,56,0,0,0,11,0,0,0,0,0,0,0,0,0,0,110Y
144677,縣立介達國小,[964]臺東縣金峰鄉正興村105號,249656.209,2500490.773,"22.604513,120.996656",[14]臺東縣,86,金峰鄉,4,山,39,39,100.00%,1,0,30,0,0,0,8,0,0,0,0,0,0,0,0,0,0,110Y
144678,縣立新興國小,[964]臺東縣金峰鄉新興村一鄰1號,250317.72,2503496.371,"22.631657,121.003091",[14]臺東縣,86,金峰鄉,4,山,64,61,95.31%,5,1,53,1,1,0,0,0,0,0,0,0,0,0,0,0,0,110Y
144679,縣立賓茂國小,[964]臺東縣金峰鄉賓茂村68號,245456.57,2492506.997,"22.532404,120.95583",[14]臺東縣,86,金峰鄉,4,山,119,115,96.64%,8,0,96,3,5,0,3,0,0,0,0,0,0,0,0,0,0,110Y
144680,縣立安朔國小,[966]臺東縣達仁鄉安朔村8鄰113號,236427.451,2466147.439,"22.294293,120.868276",[14]臺東縣,86,達仁鄉,3,山,41,39,95.12%,2,0,35,0,1,0,1,0,0,0,0,0,0,0,0,0,0,110Y
144681,縣立土?vusam實小,[966]臺東縣達仁鄉土?村10號,238423,2483780.008,"22.453554,120.887515",[14]臺東縣,86,達仁鄉,3,山,26,26,100.00%,0,2,24,0,0,0,0,0,0,0,0,0,0,0,0,0,0,110Y
144683,縣立臺?國小,[966]臺東縣達仁鄉台?村10鄰59-1號,240468.97,2486442.71,"22.477615,120.907378",[14]臺東縣,86,達仁鄉,3,山,24,24,100.00%,2,0,22,0,0,0,0,0,0,0,0,0,0,0,0,0,0,110Y
144685,縣立蘭嶼國小,[952]臺東縣蘭嶼鄉紅頭村1之1號,306171.487,2436640.557,"22.026946,121.544121",[14]臺東縣,86,蘭嶼鄉,4,山,29,29,100.00%,1,0,0,0,0,0,0,0,28,0,0,0,0,0,0,0,0,110Y
144686,縣立椰油國小,[952]臺東縣蘭嶼鄉椰油村忠孝街1號,303381,2438640.008,"22.045091,121.517157",[14]臺東縣,86,蘭嶼鄉,4,山,69,66,95.65%,3,0,0,0,1,0,0,0,62,0,0,0,0,0,0,0,0,110Y
144687,縣立東清國小,[952]臺東縣蘭嶼鄉東清村1號,308283.249,2439959.393,"22.05685,121.564695",[14]臺東縣,86,蘭嶼鄉,4,山,43,42,97.67%,0,0,0,0,0,0,0,0,42,0,0,0,0,0,0,0,0,110Y
144688,縣立朗島國小,[952]臺東縣蘭嶼鄉朗島村17號,304530.924,2442467.415,"22.079623,121.528425",[14]臺東縣,86,蘭嶼鄉,4,山,28,28,100.00%,0,0,2,0,0,0,0,0,26,0,0,0,0,0,0,0,0,110Y
144689,縣立桃源國小,[953]臺東縣延平鄉桃源村昇平路84號,258585.304,2533529.407,"22.902863,121.083689",[14]臺東縣,86,延平鄉,4,山,74,72,97.30%,2,2,1,63,0,0,2,0,0,0,0,1,0,1,0,0,0,110Y
144690,縣立武陵國小,[953]臺東縣延平鄉武陵村一鄰明野路16號,261929.106,2540951.814,"22.969873,121.116342",[14]臺東縣,86,延平鄉,4,山,61,61,100.00%,3,0,1,55,0,0,0,0,0,0,0,2,0,0,0,0,0,110Y
144692,縣立鸞山國小,[953]臺東縣延平鄉鸞山村一鄰14號,265356,2533000.008,"22.898034,121.149684",[14]臺東縣,86,延平鄉,4,山,29,29,100.00%,0,0,0,28,1,0,0,0,0,0,0,0,0,0,0,0,0,110Y
144693,縣立紅葉國小,[953]臺東縣延平鄉紅葉村紅谷路1號,256530.408,2532491.057,"22.893495,121.063654",[14]臺東縣,86,延平鄉,4,山,57,54,94.74%,22,2,2,19,7,0,0,1,1,0,0,0,0,0,0,0,0,110Y
144694,縣立海端國小,[957]臺東縣海端鄉海端村山界路36號,268047,2555530.009,"23.101469,121.176179",[14]臺東縣,86,海端鄉,7,山,30,22,73.33%,3,0,0,18,0,0,0,0,1,0,0,0,0,0,0,0,0,110Y
144695,縣立初來國小,[957]臺東縣海端鄉海端村七鄰5號,267398.311,2557261.728,"23.117114,121.169866",[14]臺東縣,86,海端鄉,7,山,52,50,96.15%,1,0,3,44,2,0,0,0,0,0,0,0,0,0,0,0,0,110Y
144696,縣立崁頂國小,[957]臺東縣海端鄉崁頂村中福21號,265011.388,2549270.117,"23.044968,121.146483",[14]臺東縣,86,海端鄉,7,山,33,31,93.94%,3,0,2,26,0,0,0,0,0,0,0,0,0,0,0,0,0,110Y
144697,縣立廣原國小,[957]臺東縣海端鄉廣原村大埔路一鄰1號,271207,2560860.009,"23.149564,121.207101",[14]臺東縣,86,海端鄉,7,山,46,42,91.30%,4,0,1,36,0,0,0,0,0,0,0,1,0,0,0,0,0,110Y
144698,縣立錦屏國小,[957]臺東縣海端鄉廣原村錦屏1號,268040.005,2558933.77,"23.132207,121.176151",[14]臺東縣,86,海端鄉,7,山,38,36,94.74%,2,0,1,33,0,0,0,0,0,0,0,0,0,0,0,0,0,110Y
144700,縣立加拿國小,[957]臺東縣海端鄉加拿村加南5號,263389.925,2544407.247,"23.001067,121.130619",[14]臺東縣,86,海端鄉,7,山,29,29,100.00%,1,0,2,26,0,0,0,0,0,0,0,0,0,0,0,0,0,110Y
144701,縣立東海國小,[950]臺東縣臺東市長沙街329號,264407.009,2516891.561,"22.752569,121.140285",[14]臺東縣,86,臺東市,21,平,676,95,14.05%,43,1,26,12,10,0,0,0,2,0,0,1,0,0,0,0,0,110Y
144702,縣立霧鹿國小,[957]臺東縣海端鄉霧鹿村12號,254255.943,2563033.265,"23.16932,121.041568",[14]臺東縣,86,海端鄉,7,山,40,36,90.00%,0,0,1,34,0,0,0,1,0,0,0,0,0,0,0,0,0,110Y
144703,縣立興隆國小,[959]臺東縣東河鄉興昌村155號,275487,2532700.008,"22.895201,121.248432",[14]臺東縣,86,東河鄉,5,平,40,15,37.50%,12,1,0,0,1,0,1,0,0,0,0,0,0,0,0,0,0,110Y
150601,國立東華大學附設實小,[970]花蓮縣花蓮市永安街100號,313346.441,2654168.374,"23.991018,121.622569",[15]花蓮縣,103,花蓮市,15,平,820,84,10.24%,47,2,4,6,0,0,0,1,0,0,0,18,2,4,0,0,0,110Y
151602,私立海星國小,[970]花蓮縣花蓮市永興路21號,313572.507,2654295.465,"23.992157,121.624797",[15]花蓮縣,103,花蓮市,15,平,523,54,10.33%,25,2,2,7,0,0,2,0,0,0,0,15,1,0,0,0,0,110Y
154601,縣立明禮國小,[970]花蓮縣花蓮市明禮路6號,312129.472,2652945.465,"23.980025,121.610557",[15]花蓮縣,103,花蓮市,15,平,201,52,25.87%,35,2,0,1,1,0,0,0,0,0,3,10,0,0,0,0,0,110Y
154602,縣立明義國小,[970]花蓮縣花蓮市明義街107號,311350.648,2652825.71,"23.978974,121.602899",[15]花蓮縣,103,花蓮市,15,平,1344,159,11.83%,101,3,4,3,6,0,0,0,0,0,0,39,3,0,0,0,0,110Y
154603,縣立明廉國小,[970]花蓮縣花蓮市中山路903號,310510.667,2654597.873,"23.995007,121.594718",[15]花蓮縣,103,花蓮市,15,平,461,153,33.19%,90,14,2,12,2,0,0,1,1,0,5,22,3,1,0,0,0,110Y
154604,縣立明恥國小,[970]花蓮縣花蓮市中興路41號,314204.087,2654262.057,"23.99183,121.631002",[15]花蓮縣,103,花蓮市,15,平,242,109,45.04%,64,4,1,20,2,0,0,0,0,0,0,15,0,3,0,0,0,110Y
154605,縣立中正國小,[970]花蓮縣花蓮市中正路210號,311029.635,2652017.583,"23.971689,121.599711",[15]花蓮縣,103,花蓮市,15,平,982,125,12.73%,96,1,1,5,0,0,0,0,0,0,2,20,0,0,0,0,0,110Y
154606,縣立信義國小,[970]花蓮縣花蓮市主計里信義街1號,311693,2651960.009,"23.971144,121.606227",[15]花蓮縣,103,花蓮市,15,平,68,25,36.76%,15,4,1,0,2,0,0,0,0,0,0,3,0,0,0,0,0,110Y
154607,縣立復興國小,[970]花蓮縣花蓮市府前路682號,313006.336,2655905.063,"24.006713,121.619302",[15]花蓮縣,103,花蓮市,15,平,103,59,57.28%,29,3,1,1,1,0,2,0,0,0,0,21,0,1,0,0,0,110Y
154608,縣立中華國小,[970]花蓮縣花蓮市國盛二街22號,311766.258,2654266.179,"23.991964,121.607044",[15]花蓮縣,103,花蓮市,15,平,294,98,33.33%,57,4,1,7,0,0,0,0,0,0,1,28,0,0,0,0,0,110Y
154610,縣立忠孝國小,[970]花蓮縣花蓮市中華路298號,310918.692,2652455.626,"23.975649,121.598639",[15]花蓮縣,103,花蓮市,15,平,459,121,26.36%,85,4,0,4,5,0,0,0,0,0,0,22,0,1,0,0,0,110Y
154611,縣立北濱國小,[970]花蓮縣花蓮市北濱街113號,312708.12,2652711.915,"23.977893,121.616234",[15]花蓮縣,103,花蓮市,15,平,122,28,22.95%,17,0,1,3,1,0,0,0,0,0,1,4,1,0,0,0,0,110Y
154612,縣立鑄強國小,[970]花蓮縣花蓮市永興路20號,313647.491,2654368.716,"23.992815,121.625537",[15]花蓮縣,103,花蓮市,15,平,509,197,38.70%,105,7,10,19,4,1,0,7,0,0,2,39,3,0,0,0,0,110Y
154613,縣立國福國小,[970]花蓮縣花蓮市福光街277巷1號,309037.095,2656151.565,"24.009091,121.580299",[15]花蓮縣,103,花蓮市,15,平,32,22,68.75%,16,0,0,1,0,0,0,0,0,0,1,1,3,0,0,0,0,110Y
154614,縣立新城國小,[971]花蓮縣新城鄉新城村博愛路30號,316217.868,2669345.603,"24.127935,121.65148",[15]花蓮縣,103,新城鄉,4,平,230,184,80.00%,17,19,0,3,0,0,0,2,0,0,3,140,0,0,0,0,0,110Y
154615,縣立北埔國小,[971]花蓮縣新城鄉北埔路170號,311579,2658710.009,"24.032095,121.605392",[15]花蓮縣,103,新城鄉,4,平,431,271,62.88%,152,7,1,15,1,0,0,0,0,0,0,90,5,0,0,0,0,110Y
154616,縣立康樂國小,[971]花蓮縣新城鄉康樂村康樂一街38號,311811.936,2660971.372,"24.052503,121.607778",[15]花蓮縣,103,新城鄉,4,平,83,50,60.24%,24,2,0,1,1,0,0,1,0,0,0,21,0,0,0,0,0,110Y
154617,縣立嘉里國小,[971]花蓮縣新城鄉嘉里村嘉里三街28號,311973,2656780.009,"24.014653,121.609183",[15]花蓮縣,103,新城鄉,4,平,83,45,54.22%,19,2,0,3,0,0,0,0,0,0,2,17,0,2,0,0,0,110Y
154618,縣立吉安國小,[973]花蓮縣吉安鄉吉安路二段97號,307273.612,2652193.274,"23.973416,121.56281",[15]花蓮縣,103,吉安鄉,8,平,273,114,41.76%,49,6,4,12,1,0,0,1,0,0,2,38,0,1,0,0,0,110Y
154619,縣立宜昌國小,[973]花蓮縣吉安鄉宜昌一街45號,309585.198,2651943.701,"23.971077,121.585515",[15]花蓮縣,103,吉安鄉,8,平,812,281,34.61%,210,12,7,6,1,0,1,0,0,0,6,36,0,0,2,0,0,110Y
154620,縣立北昌國小,[973]花蓮縣吉安鄉北昌村自強路533號,310246.41,2653721.37,"23.987103,121.592085",[15]花蓮縣,103,吉安鄉,8,平,816,106,12.99%,77,3,0,4,0,0,0,0,0,0,0,21,1,0,0,0,0,110Y
154621,縣立稻香國小,[973]花蓮縣吉安鄉稻香村稻香路99號,307923.421,2651067.942,"23.963231,121.569151",[15]花蓮縣,103,吉安鄉,8,平,272,59,21.69%,39,0,1,5,2,0,0,0,0,0,0,12,0,0,0,0,0,110Y
154622,縣立光華國小,[973]花蓮縣吉安鄉光華村光華二街180號,308952.997,2647994.299,"23.935441,121.579143",[15]花蓮縣,103,吉安鄉,8,平,70,42,60.00%,29,1,0,5,0,0,0,0,0,0,0,7,0,0,0,0,0,110Y
154623,縣立南華國小,[973]花蓮縣吉安鄉干城村吉安路6段60號,305724.968,2649417.773,"23.94841,121.547487",[15]花蓮縣,103,吉安鄉,8,平,68,39,57.35%,18,5,1,1,0,0,0,0,0,0,0,14,0,0,0,0,0,110Y
154624,縣立化仁國小,[973]花蓮縣吉安鄉東里十一街83號,310646.844,2651026.25,"23.962753,121.595908",[15]花蓮縣,103,吉安鄉,8,平,221,150,67.87%,119,5,3,5,0,0,0,0,0,0,2,16,0,0,0,0,0,110Y
154625,縣立太昌國小,[973]花蓮縣吉安鄉太昌村明義五街1號,307499.138,2654604.794,"23.995181,121.565122",[15]花蓮縣,103,吉安鄉,8,平,299,131,43.81%,82,3,1,2,1,0,1,0,0,0,1,39,0,1,0,0,0,110Y
154626,縣立壽豐國小,[974]花蓮縣壽豐鄉壽豐村壽山路37號,301731.818,2640759.589,"23.870367,121.507951",[15]花蓮縣,103,壽豐鄉,8,平,118,60,50.85%,47,1,2,2,0,0,0,0,0,0,0,8,0,0,0,0,0,110Y
154627,縣立豐山國小,[974]花蓮縣壽豐鄉豐山村中山路41號,300093.749,2638101.739,"23.846421,121.491777",[15]花蓮縣,103,壽豐鄉,8,平,88,23,26.14%,15,1,0,4,0,0,0,0,0,0,0,3,0,0,0,0,0,110Y
154628,縣立豐裡國小,[974]花蓮縣壽豐鄉豐裡村中山路299號,301730.021,2637570.066,"23.841568,121.507821",[15]花蓮縣,103,壽豐鄉,8,平,77,34,44.16%,30,0,0,0,0,0,0,0,0,0,0,4,0,0,0,0,0,110Y
154629,縣立志學國小,[974]花蓮縣壽豐鄉志學村中正路120巷10號,304151.52,2644601.555,"23.904977,121.531851",[15]花蓮縣,103,壽豐鄉,8,平,133,43,32.33%,28,1,1,5,0,0,0,0,0,0,0,7,0,0,1,0,0,110Y
154630,縣立平和國小,[974]花蓮縣壽豐鄉平和路34號,302889.103,2642280.377,"23.884061,121.519368",[15]花蓮縣,103,壽豐鄉,8,平,49,15,30.61%,11,2,0,0,0,0,0,0,0,0,0,2,0,0,0,0,0,110Y
154631,縣立溪口國小,[974]花蓮縣壽豐鄉溪口村溪口路87號,298245.934,2635119.893,"23.819553,121.473539",[15]花蓮縣,103,壽豐鄉,8,平,20,15,75.00%,10,5,0,0,0,0,0,0,0,0,0,0,0,0,0,0,0,110Y
154632,縣立月眉國小,[974]花蓮縣壽豐鄉月眉村月眉三段24號,306683,2640560.009,"23.868397,121.556557",[15]花蓮縣,103,壽豐鄉,8,平,28,21,75.00%,17,1,1,0,0,0,0,0,0,0,0,2,0,0,0,0,0,110Y
154633,縣立水璉國小,[974]花蓮縣壽豐鄉水璉村水璉二街20號,307438.825,2631100.468,"23.782957,121.563609",[15]花蓮縣,103,壽豐鄉,8,平,28,22,78.57%,21,0,0,0,0,0,0,0,0,0,0,1,0,0,0,0,0,110Y
154634,縣立鳳林國小,[975]花蓮縣鳳林鎮中正路二段1號,295586.922,2626626.947,"23.742943,121.447179",[15]花蓮縣,103,鳳林鎮,6,平,161,62,38.51%,35,5,0,7,3,0,0,0,0,0,0,12,0,0,0,0,0,110Y
154636,縣立大榮國小,[975]花蓮縣鳳林鎮大榮里復興路85號,297742.997,2627879.953,"23.754195,121.468369",[15]花蓮縣,103,鳳林鎮,6,平,44,21,47.73%,15,0,0,4,0,0,0,0,0,0,0,2,0,0,0,0,0,110Y
154637,縣立鳳仁國小,[975]花蓮縣鳳林鎮鳳仁里光復路94號,296057.799,2627545.529,"23.751224,121.451826",[15]花蓮縣,103,鳳林鎮,6,平,59,14,23.73%,5,4,1,0,0,0,0,0,0,0,0,4,0,0,0,0,0,110Y
154638,縣立北林國小,[975]花蓮縣鳳林鎮北林里平園路32號,297726.143,2629803.379,"23.771563,121.468265",[15]花蓮縣,103,鳳林鎮,6,平,22,9,40.91%,4,0,2,0,0,0,0,0,0,0,0,3,0,0,0,0,0,110Y
154640,縣立長橋國小,[975]花蓮縣鳳林鎮長橋里長橋路2號,292837.749,2622909.632,"23.709453,121.420104",[15]花蓮縣,103,鳳林鎮,6,平,37,25,67.57%,8,1,1,0,0,0,0,0,0,0,0,15,0,0,0,0,0,110Y
154642,縣立林榮國小,[975]花蓮縣鳳林鎮林榮里永安街2號,296144.276,2633084.334,"23.801235,121.452848",[15]花蓮縣,103,鳳林鎮,6,平,26,6,23.08%,1,0,0,0,0,0,0,0,0,0,0,5,0,0,0,0,0,110Y
154643,縣立光復國小,[976]花蓮縣光復鄉大馬村中山路三段75號,293553.225,2618952.943,"23.673706,121.427004",[15]花蓮縣,103,光復鄉,5,平,130,94,72.31%,89,1,0,0,0,0,0,0,0,0,0,4,0,0,0,0,0,110Y
154644,縣立太巴塱國小,[976]花蓮縣光復鄉中正路二段23號,295739.957,2617451.868,"23.660091,121.448397",[15]花蓮縣,103,光復鄉,5,平,91,86,94.51%,84,0,0,2,0,0,0,0,0,0,0,0,0,0,0,0,0,110Y
154648,縣立大進國小,[976]花蓮縣光復鄉大進村糖廠街4號,292771.955,2616866.065,"23.654883,121.419285",[15]花蓮縣,103,光復鄉,5,平,116,46,39.66%,33,2,0,3,0,0,0,1,0,0,2,4,0,1,0,0,0,110Y
154649,縣立瑞穗國小,[978]花蓮縣瑞穗鄉溫泉路一段19號,288178.496,2599375.916,"23.497064,121.373809",[15]花蓮縣,103,瑞穗鄉,7,平,218,110,50.46%,57,4,2,8,0,1,3,0,0,0,0,33,2,0,0,0,0,110Y
154650,縣立瑞北國小,[978]花蓮縣瑞穗鄉中正北路二段35號,288663.395,2602556.246,"23.525771,121.378639",[15]花蓮縣,103,瑞穗鄉,7,平,43,40,93.02%,13,0,0,24,0,0,0,0,1,0,0,2,0,0,0,0,0,110Y
154651,縣立瑞美國小,[978]花蓮縣瑞穗鄉中山路二段389號,289993.917,2598943.632,"23.493117,121.391573",[15]花蓮縣,103,瑞穗鄉,7,平,40,16,40.00%,15,0,0,0,0,0,0,0,0,0,0,0,1,0,0,0,0,110Y
154652,縣立鶴岡國小,[978]花蓮縣瑞穗鄉鶴岡村167號,289863,2602240.009,"23.522887,121.390379",[15]花蓮縣,103,瑞穗鄉,7,平,18,16,88.89%,16,0,0,0,0,0,0,0,0,0,0,0,0,0,0,0,0,110Y
154653,縣立舞鶴國小,[978]花蓮縣瑞穗鄉舞鶴村64號,285994,2595140.009,"23.458864,121.35232",[15]花蓮縣,103,瑞穗鄉,7,平,13,8,61.54%,4,1,0,1,0,0,0,0,0,0,0,0,2,0,0,0,0,110Y
154654,縣立富源國小,[978]花蓮縣瑞穗鄉富源村30號,288334.915,2608407.96,"23.578619,121.375572",[15]花蓮縣,103,瑞穗鄉,7,平,67,48,71.64%,45,0,0,3,0,0,0,0,0,0,0,0,0,0,0,0,0,110Y
154655,縣立豐濱國小,[977]花蓮縣豐濱鄉豐濱村民族街5號,303180.717,2610665.064,"23.598581,121.521095",[15]花蓮縣,103,豐濱鄉,4,平,57,44,77.19%,39,0,0,0,0,0,0,0,0,0,5,0,0,0,0,0,0,110Y
154656,縣立港口國小,[977]花蓮縣豐濱鄉港口村43號,301931.362,2597750.027,"23.482002,121.508405",[15]花蓮縣,103,豐濱鄉,4,平,18,18,100.00%,18,0,0,0,0,0,0,0,0,0,0,0,0,0,0,0,0,110Y
154657,縣立靜浦國小,[977]花蓮縣豐濱鄉靜浦村64號,300619.89,2595481.75,"23.461561,121.49549",[15]花蓮縣,103,豐濱鄉,4,平,11,11,100.00%,11,0,0,0,0,0,0,0,0,0,0,0,0,0,0,0,0,110Y
154658,縣立新社國小,[977]花蓮縣豐濱鄉新社村150號,304665.578,2616578.913,"23.651931,121.535861",[15]花蓮縣,103,豐濱鄉,4,平,20,16,80.00%,5,0,0,0,0,0,0,0,0,2,9,0,0,0,0,0,0,110Y
154660,縣立玉里國小,[981]花蓮縣玉里鎮忠智路43號,282636.006,2580695.192,"23.328496,121.319138",[15]花蓮縣,103,玉里鎮,12,平,295,76,25.76%,33,2,4,25,3,0,1,0,1,0,0,7,0,0,0,0,0,110Y
154661,縣立中城國小,[981]花蓮縣玉里鎮中山路一段1號,282466.019,2580297.381,"23.324907,121.317467",[15]花蓮縣,103,玉里鎮,12,平,319,97,30.41%,48,1,3,27,12,0,0,0,0,0,0,3,0,3,0,0,0,110Y
154662,縣立源城國小,[981]花蓮縣玉里鎮源城里水源62號,280655,2579930.009,"23.321624,121.299751",[15]花蓮縣,103,玉里鎮,12,平,36,13,36.11%,9,0,1,1,0,0,2,0,0,0,0,0,0,0,0,0,0,110Y
154663,縣立樂合國小,[981]花蓮縣玉里鎮樂合里新民41號,284696.941,2579911.868,"23.32138,121.339273",[15]花蓮縣,103,玉里鎮,12,平,36,22,61.11%,20,1,1,0,0,0,0,0,0,0,0,0,0,0,0,0,0,110Y
154664,縣立觀音國小,[981]花蓮縣玉里鎮觀音里16鄰9號,286509.077,2588021.486,"23.394572,121.357188",[15]花蓮縣,103,玉里鎮,12,平,12,9,75.00%,7,0,0,2,0,0,0,0,0,0,0,0,0,0,0,0,0,110Y
154665,縣立高寮國小,[981]花蓮縣玉里鎮高寮92號,286702.755,2586727.304,"23.382881,121.359052",[15]花蓮縣,103,玉里鎮,12,平,29,19,65.52%,14,1,0,3,1,0,0,0,0,0,0,0,0,0,0,0,0,110Y
154666,縣立松浦國小,[981]花蓮縣玉里鎮松浦里12鄰212號,288164.455,2591799.238,"23.428647,121.373479",[15]花蓮縣,103,玉里鎮,12,平,48,42,87.50%,41,1,0,0,0,0,0,0,0,0,0,0,0,0,0,0,0,110Y
154667,縣立春日國小,[981]花蓮縣玉里鎮春日里泰林95號,290154.671,2594397.226,"23.452059,121.393025",[15]花蓮縣,103,玉里鎮,12,平,37,30,81.08%,30,0,0,0,0,0,0,0,0,0,0,0,0,0,0,0,0,110Y
154668,縣立德武國小,[981]花蓮縣玉里鎮德武里9鄰171號,291432.061,2595930.937,"23.465877,121.40557",[15]花蓮縣,103,玉里鎮,12,平,14,14,100.00%,14,0,0,0,0,0,0,0,0,0,0,0,0,0,0,0,0,110Y
154669,縣立三民國小,[981]花蓮縣玉里鎮三民里118號,285606.364,2591929.022,"23.429877,121.348449",[15]花蓮縣,103,玉里鎮,12,平,51,14,27.45%,4,0,0,8,0,0,0,0,0,0,0,1,0,1,0,0,0,110Y
154670,縣立大禹國小,[981]花蓮縣玉里鎮中禹里225號,283612,2586390.009,"23.379901,121.328809",[15]花蓮縣,103,玉里鎮,12,平,46,23,50.00%,8,4,0,7,4,0,0,0,0,0,0,0,0,0,0,0,0,110Y
154671,縣立長良國小,[981]花蓮縣玉里鎮長良里163號,279356.48,2575823.335,"23.284564,121.286975",[15]花蓮縣,103,玉里鎮,12,平,29,20,68.97%,6,0,0,13,0,0,0,0,0,0,0,1,0,0,0,0,0,110Y
154672,縣立富里國小,[983]花蓮縣富里鄉富里村永安街52號,275437.109,2563371.885,"23.172188,121.248453",[15]花蓮縣,103,富里鄉,8,平,100,28,28.00%,16,0,0,7,0,0,0,0,0,0,0,5,0,0,0,0,0,110Y
154674,縣立東里國小,[983]花蓮縣富里鄉東里村道化路74號,281000.049,2573713.538,"23.265481,121.302998",[15]花蓮縣,103,富里鄉,8,平,65,18,27.69%,9,0,0,6,1,0,0,0,0,0,2,0,0,0,0,0,0,110Y
154675,縣立明里國小,[983]花蓮縣富里鄉明里村1鄰16號,275458.845,2566601.503,"23.201352,121.248719",[15]花蓮縣,103,富里鄉,8,平,32,16,50.00%,9,1,1,5,0,0,0,0,0,0,0,0,0,0,0,0,0,110Y
154676,縣立吳江國小,[983]花蓮縣富里鄉吳江村6鄰52號,283002.9,2575179.1,"23.278677,121.322606",[15]花蓮縣,103,富里鄉,8,平,31,10,32.26%,9,0,0,1,0,0,0,0,0,0,0,0,0,0,0,0,0,110Y
154677,縣立學田國小,[983]花蓮縣富里鄉學田村光明路1號,273258.485,2561514.688,"23.155448,121.227145",[15]花蓮縣,103,富里鄉,8,平,25,14,56.00%,9,0,0,5,0,0,0,0,0,0,0,0,0,0,0,0,0,110Y
154678,縣立永豐國小,[983]花蓮縣富里鄉豐南村永豐84號,277300.006,2561447.706,"23.154782,121.266614",[15]花蓮縣,103,富里鄉,8,平,22,19,86.36%,19,0,0,0,0,0,0,0,0,0,0,0,0,0,0,0,0,110Y
154679,縣立萬寧國小,[983]花蓮縣富里鄉萬寧村鎮寧108號,280442.85,2572440.62,"23.253997,121.297527",[15]花蓮縣,103,富里鄉,8,平,18,5,27.78%,5,0,0,0,0,0,0,0,0,0,0,0,0,0,0,0,0,110Y
154680,縣立東竹國小,[983]花蓮縣富里鄉竹田村富田3號,278635.439,2568027.797,"23.21418,121.279779",[15]花蓮縣,103,富里鄉,8,平,58,16,27.59%,12,0,0,3,0,0,0,0,0,0,0,1,0,0,0,0,0,110Y
154681,縣立秀林國小,[972]花蓮縣秀林鄉秀林村秀林路76號,313472.972,2668233.599,"24.118008,121.624427",[15]花蓮縣,103,秀林鄉,12,山,77,77,100.00%,5,9,0,1,0,0,0,0,0,0,0,62,0,0,0,0,0,110Y
154682,縣立富世國小,[972]花蓮縣秀林鄉富世村127號,313977.009,2671487.709,"24.147369,121.629529",[15]花蓮縣,103,秀林鄉,12,山,79,78,98.73%,3,2,0,0,0,0,0,0,0,0,0,73,0,0,0,0,0,110Y
154683,縣立崇德國小,[972]花蓮縣秀林鄉崇德村72號,316495.437,2673913.389,"24.169165,121.654421",[15]花蓮縣,103,秀林鄉,12,山,83,80,96.39%,2,1,0,0,0,0,0,0,0,0,0,76,0,1,0,0,0,110Y
154684,縣立和平國小,[972]花蓮縣秀林鄉和平村112號,325978.334,2689313.182,"24.307774,121.748554",[15]花蓮縣,103,秀林鄉,12,山,80,73,91.25%,4,8,0,0,0,0,0,0,0,0,0,61,0,0,0,0,0,110Y
154685,縣立景美國小,[972]花蓮縣秀林鄉景美村加灣112號,311603.651,2664300.554,"24.082571,121.605871",[15]花蓮縣,103,秀林鄉,12,山,37,37,100.00%,1,1,0,0,0,0,0,0,0,0,0,35,0,0,0,0,0,110Y
154686,縣立三棧國小,[972]花蓮縣秀林鄉景美村三棧102號,311653.761,2666542.168,"24.102808,121.606459",[15]花蓮縣,103,秀林鄉,12,山,41,40,97.56%,0,2,0,0,0,0,0,0,0,0,0,38,0,0,0,0,0,110Y
154687,縣立佳民國小,[972]花蓮縣秀林鄉佳民村119號,310958.042,2661126.096,"24.053934,121.599388",[15]花蓮縣,103,秀林鄉,12,山,41,41,100.00%,2,1,0,0,0,0,0,0,0,0,0,38,0,0,0,0,0,110Y
154688,縣立銅門國小,[972]花蓮縣秀林鄉銅門村69號,300194.537,2651290.819,"23.965506,121.493218",[15]花蓮縣,103,秀林鄉,12,山,62,61,98.39%,5,3,0,0,0,0,0,0,0,0,0,47,0,6,0,0,0,110Y
154689,縣立水源國小,[972]花蓮縣秀林鄉水源村111號,306655.658,2655504.017,"24.003331,121.556867",[15]花蓮縣,103,秀林鄉,12,山,96,96,100.00%,4,0,0,1,0,0,1,0,0,0,0,90,0,0,0,0,0,110Y
154690,縣立銅蘭國小,[972]花蓮縣秀林鄉文蘭村70號,301076.35,2643186.779,"23.892304,121.501599",[15]花蓮縣,103,秀林鄉,12,山,42,42,100.00%,4,2,4,4,0,0,0,0,0,0,0,28,0,0,0,0,0,110Y
154691,縣立文蘭國小,[972]花蓮縣秀林鄉文蘭村米亞丸1號,301064.063,2646503.25,"23.92225,121.501594",[15]花蓮縣,103,秀林鄉,12,山,39,36,92.31%,9,0,1,0,0,0,0,0,0,0,0,26,0,0,0,0,0,110Y
154692,縣立萬榮國小,[979]花蓮縣萬榮鄉萬榮村2鄰31號,291908,2623580.009,"23.715531,121.411005",[15]花蓮縣,103,萬榮鄉,6,山,49,47,95.92%,3,1,1,3,0,0,0,0,0,0,0,39,0,0,0,0,0,110Y
154693,縣立明利國小,[979]花蓮縣萬榮鄉明利村35號,292049.32,2622485.8,"23.705647,121.41236",[15]花蓮縣,103,萬榮鄉,6,山,39,39,100.00%,1,2,2,0,0,0,0,0,0,0,0,30,0,4,0,0,0,110Y
154694,縣立見晴國小,[979]花蓮縣萬榮鄉見晴村89號,296053,2631140.009,"23.783681,121.451891",[15]花蓮縣,103,萬榮鄉,6,山,37,37,100.00%,1,0,0,0,0,0,0,0,0,0,0,35,0,1,0,0,0,110Y
154695,縣立馬遠國小,[979]花蓮縣萬榮鄉馬遠村39號,286926,2608200.009,"23.576774,121.361764",[15]花蓮縣,103,萬榮鄉,6,山,43,43,100.00%,4,0,0,37,0,0,0,0,0,0,0,2,0,0,0,0,0,110Y
154696,縣立西林國小,[979]花蓮縣萬榮鄉西林村8鄰114號,294934,2634210.009,"23.811434,121.441005",[15]花蓮縣,103,萬榮鄉,6,山,64,64,100.00%,1,1,0,0,0,0,0,0,0,0,0,59,0,3,0,0,0,110Y
154697,縣立紅葉國小,[979]花蓮縣萬榮鄉紅葉村1鄰4號,285282.406,2599099.045,"23.49463,121.345447",[15]花蓮縣,103,萬榮鄉,6,山,42,41,97.62%,2,0,0,1,0,0,0,0,0,0,1,37,0,0,0,0,0,110Y
154698,縣立卓溪國小,[982]花蓮縣卓溪鄉卓溪村中正路72號,280998,2582570.009,"23.345458,121.303159",[15]花蓮縣,103,卓溪鄉,8,山,56,55,98.21%,5,0,2,38,0,0,0,1,0,0,0,9,0,0,0,0,0,110Y
154699,縣立崙山國小,[982]花蓮縣卓溪鄉崙山村1鄰12號,285176.706,2592951.685,"23.439121,121.344269",[15]花蓮縣,103,卓溪鄉,8,山,40,40,100.00%,1,0,0,29,0,0,0,0,0,0,0,3,0,7,0,0,0,110Y
154700,縣立立山國小,[982]花蓮縣卓溪鄉立山村9鄰90號,282769.615,2592046.718,"23.430999,121.320691",[15]花蓮縣,103,卓溪鄉,8,山,52,51,98.08%,1,3,0,2,0,0,0,0,0,0,0,27,0,18,0,0,0,110Y
154701,縣立太平國小,[982]花蓮縣卓溪鄉太平村1鄰2號,282755.869,2589281.136,"23.406026,121.320497",[15]花蓮縣,103,卓溪鄉,8,山,45,45,100.00%,3,1,1,39,0,0,0,0,0,0,0,1,0,0,0,0,0,110Y
154702,縣立卓清國小,[982]花蓮縣卓溪鄉卓清村清水6號,277910.581,2575127.998,"23.27831,121.272828",[15]花蓮縣,103,卓溪鄉,8,山,29,28,96.55%,0,0,28,0,0,0,0,0,0,0,0,0,0,0,0,0,0,110Y
154703,縣立卓樂國小,[982]花蓮縣卓溪鄉卓清村卓樂86號,277352.626,2577076.672,"23.295916,121.267409",[15]花蓮縣,103,卓溪鄉,8,山,34,34,100.00%,3,1,0,30,0,0,0,0,0,0,0,0,0,0,0,0,0,110Y
154704,縣立古風國小,[982]花蓮縣卓溪鄉古風村崙天18號,277077.821,2568586.004,"23.219247,121.264571",[15]花蓮縣,103,卓溪鄉,8,山,42,40,95.24%,0,0,0,40,0,0,0,0,0,0,0,0,0,0,0,0,0,110Y
154705,縣立奇美國小,[978]花蓮縣瑞穗鄉奇美村47號,295538.109,2599448.05,"23.497526,121.445869",[15]花蓮縣,103,瑞穗鄉,7,平,12,10,83.33%,8,0,0,2,0,0,0,0,0,0,0,0,0,0,0,0,0,110Y
154706,縣立卓楓國小,[982]花蓮縣卓溪鄉古風村十二鄰古楓6號,277832.585,2571303.13,"23.243771,121.271995",[15]花蓮縣,103,卓溪鄉,8,山,20,20,100.00%,1,0,0,19,0,0,0,0,0,0,0,0,0,0,0,0,0,110Y
154707,縣立西富國小,[976]花蓮縣光復鄉西富村民有街51巷3號,293871,2614860.009,"23.636739,121.429999",[15]花蓮縣,103,光復鄉,5,平,30,13,43.33%,13,0,0,0,0,0,0,0,0,0,0,0,0,0,0,0,0,110Y
154708,縣立大興國小,[976]花蓮縣光復鄉大興村民權街17號,290623.603,2614362.307,"23.63233,121.398157",[15]花蓮縣,103,光復鄉,5,平,30,20,66.67%,16,3,0,1,0,0,0,0,0,0,0,0,0,0,0,0,0,110Y
154710,縣立西寶國小,[972]花蓮縣秀林鄉富世村西寶11號,299021.102,2678006.093,"24.206759,121.48259",[15]花蓮縣,103,秀林鄉,12,山,42,21,50.00%,6,3,0,2,0,0,0,0,0,0,0,10,0,0,0,0,0,110Y
154711,縣立中原國小,[970]花蓮縣花蓮市中原路531號,310697.579,2652024.363,"23.971763,121.596448",[15]花蓮縣,103,花蓮市,15,平,495,105,21.21%,90,0,3,0,2,0,0,0,0,0,0,10,0,0,0,0,0,110Y
,336,,,,,12,,55,,166,,,,,,,,,,,,,,,,,,,,,
,,,,,,,,,,171,,,,,,,,,,,,,,,,,,,,,
